NAME,state,place,cluster_gmm,cluster_kmeans,GMM_p_k0,GMM_p_k1,GMM_p_k2,GMM_p_k3,GMM_p_k4,GMM_p_k5,GMM_p_k6,GMM_p_k7
"Birmingham city, Alabama",1,7000,5,2,0.0,7.324208092884933e-21,1.6845115017396385e-14,0.0,0.0049544824661665685,0.9874232185169316,1.063446881136905e-20,0.007622299016884171
"Dothan city, Alabama",1,21184,7,2,0.0,2.2389495374741037e-36,9.502306836391661e-08,0.0,0.0012570100497182588,1.1253553086378526e-12,1.6483310561564284e-08,0.9987428784427774
"Huntsville city, Alabama",1,37000,4,5,0.0,3.542957379197673e-06,0.0004533109850473849,0.0,0.9995428073005005,2.6896056847421204e-25,1.0332243331841755e-19,3.3875707372673385e-07
"Mobile city, Alabama",1,50000,7,2,0.0,2.1747101249923746e-21,6.257567235745511e-08,0.0,0.0028830379333283722,0.0004267149383108334,2.4994442840579308e-08,0.9966901595582452
"Montgomery city, Alabama",1,51000,7,2,0.0,8.332159149372641e-40,3.7066825851759616e-10,0.0,0.00013925557791218436,1.539953853129589e-09,6.575596734897627e-05,0.9997949865441171
"Tuscaloosa city, Alabama",1,77256,6,7,0.0,1.4443247570327654e-32,1.2157982341333948e-17,0.0,5.1814163381783535e-19,1.0799965031706195e-41,1.0,1.3265041018730057e-16
"Anchorage municipality, Alaska",2,3000,2,3,0.0,0.0038238148193133134,0.9948022919477895,0.0,0.0013738932328959041,6.019116321545381e-94,4.017296362408337e-41,7.526548904336568e-16
"Avondale city, Arizona",4,4720,3,3,0.0,6.907470459254911e-12,9.524822905628839e-07,0.9999984610661745,5.86444069774543e-07,4.1768625233918725e-21,1.1085896423322754e-50,5.574181094627771e-13
"Buckeye city, Arizona",4,7940,3,0,0.0,1.17080934078772e-08,1.0117698048825733e-05,0.9999898705938575,8.002898115060715e-32,5.762210881635228e-98,5.706825186737447e-188,3.77077471550638e-49
"Chandler city, Arizona",4,12000,1,3,0.0,0.9680480717985639,0.028516202666558004,0.0,0.003435725534878413,1.493438855709565e-65,5.216908626101251e-37,1.4851651960060637e-19
"Gilbert town, Arizona",4,27400,2,3,0.0,0.006577613560117971,0.9934034478447025,0.0,1.8938595179792797e-05,1.9217314735619003e-122,7.0449896084511865e-96,2.7141401835516384e-34
"Glendale city, Arizona",4,27820,2,4,0.0,3.327667752630573e-05,0.9994269039096457,0.0,0.0005398186448655904,5.010188709065148e-77,5.3260110514471216e-27,7.679619789550655e-10
"Mesa city, Arizona",4,46000,4,4,0.0,2.899047981242377e-09,0.01864169014219194,0.0,0.9813140365178666,1.5695703933093935e-15,9.618875323852763e-21,4.4270440892181015e-05
"Peoria city, Arizona",4,54050,2,0,0.0,0.0007480920694914533,0.9991828697515007,0.0,6.903817900843656e-05,2.753237677068728e-118,3.169553331234417e-72,5.417976919640018e-19
"Phoenix city, Arizona",4,55000,2,4,0.0,2.230326947630116e-05,0.984882967722525,0.0,0.014981419971569678,2.3151896141239454e-63,1.0719762668546742e-26,0.00011330903642864387
"San Tan Valley CDP, Arizona",4,64210,3,0,0.0,2.026467814588027e-12,5.209887973724178e-06,0.9999947901099998,8.230100136228351e-19,5.098469657027917e-58,3.5215766071441164e-128,4.22789187701137e-39
"Scottsdale city, Arizona",4,65000,4,5,0.0,6.262543231471281e-11,2.785065132299086e-08,0.0,0.9999999720867234,1.616737081648567e-77,7.667938750376906e-51,7.114333369592532e-24
"Surprise city, Arizona",4,71510,2,0,0.0,0.00015933095070804547,0.9998103868579852,0.0,3.028219130752512e-05,1.3144385390775029e-51,4.9871588459614304e-76,1.66610295806235e-29
"Tempe city, Arizona",4,73000,4,5,0.0,6.284968049209194e-05,2.390807799497241e-08,0.0,0.9999371263986783,8.106695728903247e-18,1.289678270768342e-37,1.2750787154395035e-11
"Tucson city, Arizona",4,77000,7,4,0.0,5.001275194988941e-14,0.0006720617446411563,0.0,0.1340329364586651,2.711510974145949e-11,4.8480480127196826e-11,0.8652950017210482
"Yuma city, Arizona",4,85540,7,4,0.0,3.1835040080838437e-15,0.005091433845868238,0.0,1.325523733509816e-05,2.43488146331416e-50,1.755785754160093e-18,0.9948953109167934
"Conway city, Arkansas",5,15190,3,5,0.0,2.5301885584743905e-07,5.86760376413691e-07,0.9997620718308341,0.00023705011099171963,3.5192676517434844e-08,1.4281520810496091e-27,3.0862653063648435e-09
"Fayetteville city, Arkansas",5,23290,3,5,0.0,5.941375887668524e-12,3.394492403141229e-11,0.999999905283631,9.467646507047575e-08,4.308955417753986e-27,1.8966933701006728e-22,1.739052869744538e-14
"Fort Smith city, Arkansas",5,24550,3,4,0.0,1.7404752653366317e-12,2.6731082214575234e-07,0.9999910315887487,9.949947608538708e-08,5.2597723833364605e-20,4.45023618025611e-21,8.601599212270288e-06
"Jonesboro city, Arkansas",5,35710,3,2,0.0,7.949630695824483e-56,6.470670352831347e-12,0.93196067642801,3.3901614261758616e-08,0.06610800479863363,1.297755671770077e-11,0.0019312848522936108
"Little Rock city, Arkansas",5,41000,4,5,0.0,5.006687675256775e-14,6.064651471609569e-06,0.0,0.9984967436942589,5.925672981824727e-25,2.22290002783558e-20,0.0014971916542192488
"Rogers city, Arkansas",5,60410,3,3,0.0,2.6056820882191773e-05,2.388049126695622e-05,0.9999474836696663,1.7687274392377264e-06,3.0875286254318717e-89,2.8790346186076573e-44,8.102907451493654e-07
"Springdale city, Arkansas",5,66080,3,4,0.0,9.229043331233487e-54,5.128923196216582e-09,0.9995963462515263,1.729791782435245e-10,1.1549019979026706e-45,1.1053082377725784e-15,0.00040364844657083033
"Alameda city, California",6,562,1,6,0.0,0.7784908835250389,5.677297660799063e-08,0.22150905969918538,2.7997874299141316e-12,0.0,8.240593089854773e-91,2.0449464589778316e-87
"Alhambra city, California",6,884,3,3,0.0,1.7556390148881558e-06,0.00012192392807750933,0.9998763180025667,2.430341269102467e-09,1.2648237126557218e-106,4.119624588501162e-52,5.973481400649986e-19
"Anaheim city, California",6,2000,2,1,0.0,1.165777393789676e-11,0.9999998384793584,0.0,1.6150898413599653e-07,2.4037828952063288e-179,5.3480891128283695e-20,2.0233108634580742e-26
"Antioch city, California",6,2252,2,0,0.0,1.3068791594494294e-06,0.9999735097801324,0.0,2.5183340707567698e-05,1.4994142117582086e-115,3.323281579734504e-51,8.78140925720353e-32
"Apple Valley town, California",6,2364,3,0,0.0,2.455754741579224e-10,0.00029201975593911856,0.9997079797799064,1.4129641224619401e-10,1.8009362694911746e-46,3.538202468661852e-53,7.728282306895336e-11
"Arden-Arcade CDP, California",6,2553,3,5,0.0,3.5426639328381584e-11,9.300457724189468e-05,0.9989445053697042,5.585427100084052e-05,1.3105910414798552e-13,0.0009064853839725302,1.503625230254649e-07
"Bakersfield city, California",6,3526,2,1,0.0,9.892643113481772e-19,0.9999995583337861,0.0,4.4166598983797834e-07,3.423733927735977e-91,5.528356305576711e-18,2.2450788798413506e-13
"Baldwin Park city, California",6,3666,3,1,0.0,1.6000663080233136e-37,0.08753407089672403,0.9124659291030465,1.3999759380863829e-30,1.0998815014643042e-185,1.2036999710180778e-30,2.3019446901635686e-13
"Bellflower city, California",6,4982,3,3,0.0,2.9713711234222505e-10,8.878749137746547e-07,0.9999991117152647,1.1261092461449702e-10,6.309826728844582e-93,2.235816703970151e-25,7.338476400081723e-14
"Berkeley city, California",6,6000,4,5,0.0,9.888237080218087e-11,2.3560916977220102e-17,0.0,0.9999999969827904,2.4206931881265564e-172,2.9183272100072696e-09,7.815720934945031e-41
"Buena Park city, California",6,8786,3,0,0.0,8.733866324329434e-13,0.001221895273919577,0.9987780951885209,9.536686418999873e-09,5.3804992771998265e-95,1.493156079486288e-34,6.943588169183508e-34
"Burbank city, California",6,8954,3,5,0.0,4.651881874922636e-07,2.9707860503031887e-06,0.999976517003246,2.0047022516122924e-05,8.707629920819344e-21,2.435227896426257e-18,2.6187043771732573e-20
"Camarillo city, California",6,10046,3,0,0.0,1.2279365701973594e-08,0.00011034520015014119,0.9998896392451074,3.275376589124934e-09,3.2707672882255054e-43,6.041953106653429e-42,1.0821803443754016e-45
"Carson city, California",6,11530,3,0,0.0,4.134647534473971e-07,0.0013850687801922233,0.9986145177434043,1.1650342640038271e-11,7.460626832381901e-171,1.657712409011809e-54,9.466214624786788e-24
"Castro Valley CDP, California",6,11964,3,6,0.0,0.01044643860094974,1.1331945081490179e-06,0.9895524282045429,1.2520406815301074e-18,0.0,4.153906602822238e-139,4.948795295807988e-71
"Chico city, California",6,13014,6,7,0.0,2.3812774151355397e-31,5.1668608333772994e-08,0.0,1.8308492853926552e-12,7.224504758096457e-14,0.9999999483293087,1.7942918180360078e-13
"Chino city, California",6,13210,3,0,0.0,3.507255800332936e-08,0.0007913689845537443,0.9992085959064387,3.644909969717368e-11,6.463256313936072e-28,2.337302669342565e-39,5.517749921025723e-51
"Chino Hills city, California",6,13214,3,6,0.0,0.0005333309054152667,0.000163263470424366,0.9993034056241599,1.589348058671596e-31,1.1814156902507539e-265,3.423007124568476e-162,2.7493775246241722e-67
"Chula Vista city, California",6,13392,2,0,0.0,7.455376348172712e-07,0.9995934938645076,0.0,0.0004057605978576161,6.533104676150835e-90,1.50253844925056e-32,1.2450133657900447e-31
"Clovis city, California",6,14218,2,0,0.0,0.0008536499694437287,0.9863342152096227,0.0,0.012812134816035185,4.262665426518578e-38,6.638310119486979e-21,4.898589823493101e-12
"Compton city, California",6,15044,2,1,0.0,4.414149964692744e-45,1.0,0.0,2.8766529590666254e-31,3.653626436784599e-161,2.6513990043457934e-27,1.012288361531666e-27
"Concord city, California",6,16000,2,0,0.0,0.0008878130360271354,0.9983342350445505,0.0,0.0007779519194226379,6.826711902726803e-145,3.83953990102676e-43,3.8315860196131385e-28
"Corona city, California",6,16350,2,0,0.0,0.001759497524818684,0.9982389797556478,0.0,1.5227195332644452e-06,8.310609577280029e-134,1.6634699345183524e-42,1.1218952166281144e-27
"Costa Mesa city, California",6,16532,2,6,0.0,0.0001943909414240132,0.9993391080708649,0.0,0.00046650098771083224,1.090238512193575e-213,1.2538321269325224e-44,6.847667893467159e-28
"Daly City city, California",6,17918,3,6,0.0,1.8748381617775808e-12,4.079289033921823e-08,0.9999999543217434,4.8834910132709565e-09,9.863820574603431e-178,6.924660596929992e-92,4.614912149407547e-37
"Davis city, California",6,18100,5,5,0.0,1.3084655752139513e-79,6.762246877875817e-52,3.639959183605596e-12,8.329196736799944e-27,0.9999999999963585,2.7157015203608235e-46,1.333100001462988e-63
"Downey city, California",6,19766,3,0,0.0,3.0751066250918698e-15,0.00044763397489624415,0.999550101633808,2.2643912918059067e-06,1.2058773860832307e-72,5.739403897978523e-16,2.4177545821476668e-17
"East Los Angeles CDP, California",6,20802,2,1,0.0,3.7886193941200185e-61,0.9999999636889167,0.0,1.384701957909551e-36,2.5329412007898644e-226,3.631108308220426e-08,3.233149434037281e-19
"El Cajon city, California",6,21712,2,1,0.0,6.775904335747373e-29,0.999574210016114,0.0,0.0004257899838864619,5.964177029749784e-52,1.733099902116779e-23,2.9711082504392056e-22
"Elk Grove city, California",6,22020,2,0,0.0,0.0002426300145568127,0.9997548147067755,0.0,2.5552786668396517e-06,9.344549737214775e-142,4.558204530746367e-63,1.816647172004138e-52
"El Monte city, California",6,22230,2,1,0.0,3.1234738023326795e-45,0.9999999805718842,0.0,1.3156096262329277e-26,2.077513220965119e-161,1.9428115021053157e-08,1.1691592304927178e-18
"Escondido city, California",6,22804,2,0,0.0,4.31529021353162e-07,0.9999841521877003,0.0,1.5416283278094764e-05,1.4463190793077573e-164,5.384047227341547e-30,3.1165665418805275e-23
"Fairfield city, California",6,23182,2,0,0.0,1.0693801240353835e-10,0.9994959776405953,0.0,0.0005040222524659348,2.7007181258434698e-102,8.034408228101556e-40,4.252713029332221e-30
"Folsom city, California",6,24638,3,6,0.0,0.0016729870519573138,2.2978283935195503e-06,0.9983247151187966,8.522866419061513e-13,0.0,2.460463670093694e-89,3.095608545537188e-60
"Fontana city, California",6,24680,2,0,0.0,1.3174225989156956e-11,0.9999999999485638,0.0,3.82615464436809e-11,2.384539096662554e-222,5.49716528909258e-73,4.5588292886980366e-30
"Fremont city, California",6,26000,1,6,0.0,0.9999999999994706,5.290090611068857e-13,0.0,2.9985071544349754e-23,0.0,1.1389419337520603e-176,1.525823384309801e-141
"Fresno city, California",6,27000,2,7,0.0,3.281577874945434e-30,0.9998814204498342,0.0,8.151485298928549e-08,2.1808057216912172e-95,0.00011849410623869943,3.9290749785542176e-09
"Fullerton city, California",6,28000,2,0,0.0,1.1899385399149415e-07,0.9994174233508031,0.0,0.0005824576553315119,4.295693739437459e-75,1.1416907142950902e-14,2.0811003126943411e-19
"Garden Grove city, California",6,29000,2,1,0.0,1.2074205826246919e-20,0.9999999999999991,0.0,4.819204152898568e-16,1.705833080678057e-132,1.8662727585127237e-17,3.2657087976115895e-22
"Glendale city, California",6,30000,2,5,0.0,4.826021715086843e-05,0.9999471314904433,0.0,3.929039239746015e-06,4.077968055473837e-84,6.792531666830418e-07,2.3508751036026597e-16
"Hawthorne city, California",6,32548,3,1,0.0,5.955409525753109e-26,1.5947972757161963e-08,0.9999999839210415,3.091150892025012e-11,6.20067507425924e-34,1.0007400574935997e-10,3.2241112520714847e-19
"Hayward city, California",6,33000,2,0,0.0,7.450589181646149e-06,0.9999784259356786,0.0,1.4123475139750568e-05,2.077624436151592e-225,3.892095155991421e-47,5.944906981764138e-27
"Hemet city, California",6,33182,3,1,0.0,1.3326507781020755e-14,2.160379835544011e-05,0.9999779789153973,5.097615359718786e-12,4.1728113562646046e-07,1.0903836937334553e-17,5.62465720702694e-16
"Hesperia city, California",6,33434,2,1,0.0,2.7152725602422427e-21,0.999999999998261,0.0,1.6653543538583408e-12,4.148546941738087e-79,3.561137105590114e-39,7.375309620986898e-14
"Huntington Beach city, California",6,36000,1,6,0.0,0.7375576733302279,0.26242933282047526,0.0,1.299384929644552e-05,1.3623196092938728e-186,1.0003897570832136e-55,9.284325563911424e-37
"Indio city, California",6,36448,7,4,0.0,5.012591506781162e-25,2.3441098930322108e-11,0.0,8.094118590762161e-11,1.431865491460558e-48,1.2669179557224016e-67,0.9999999998956177
"Inglewood city, California",6,36546,3,1,0.0,5.801569855610968e-18,0.0028742862452169125,0.9970755205575024,1.4974013137349767e-08,3.77484447816239e-25,5.0178223257415355e-05,1.0002114444886384e-14
"Irvine city, California",6,36770,1,6,0.0,0.999999652063659,3.47935492358146e-07,0.0,8.482494796505587e-13,5e-322,9.92839383074261e-75,1.6750438439836359e-91
"Jurupa Valley city, California",6,37692,2,1,0.0,6.13243370065339e-27,0.9999999999999698,0.0,2.9642007115740895e-14,1.78054296871364e-136,3.5493846540176824e-39,5.233919491696629e-24
"Lake Elsinore city, California",6,39486,3,0,0.0,1.3789179302128794e-07,0.00275907630559384,0.9972407852462997,5.563135994234952e-10,4.377772914985028e-99,2.1684094534530598e-51,4.1925341888386785e-32
"Lakewood city, California",6,39892,3,3,0.0,0.00019309140717221264,0.0016181609431839027,0.9981887476495526,9.168767861618101e-14,1.2578876930236413e-151,4.3513511803552794e-101,8.528943179327725e-34
"Lancaster city, California",6,40130,2,1,0.0,1.4627295425470604e-18,0.9999999999999982,0.0,1.3445867280981173e-15,2.300833920915791e-38,1.3339827879069821e-24,1.1240976441977999e-26
"Lodi city, California",6,42202,3,0,0.0,1.686969486669936e-13,6.984083456841668e-05,0.9999301590800231,3.6013118832869955e-13,1.2563495307785906e-117,6.131051259367997e-46,8.487926050815555e-11
"Long Beach city, California",6,43000,2,5,0.0,2.196817352893291e-08,0.9937168859497256,0.0,0.0062830920767389005,4.643013564694706e-140,4.525894215829756e-12,8.361117420749546e-13
"Los Angeles city, California",6,44000,6,5,0.0,1.2625934949168475e-07,0.33740018400256744,0.0,0.003467843786255891,2.9388795766668376e-143,0.6591318459508083,1.0188831249299263e-12
"Madera city, California",6,45022,3,1,0.0,1.644076367220852e-72,4.570533828999507e-09,0.999999995429409,2.3892825161783444e-52,1.708848359096853e-213,5.859629210488576e-14,1.2693736639142542e-18
"Manteca city, California",6,45484,3,0,0.0,6.414929615493171e-08,0.00028019155495113404,0.9997197442957523,6.944433535970948e-16,3.704052237868933e-222,1.8322419212892712e-90,2.7889098777230587e-33
"Menifee city, California",6,46842,3,0,0.0,1.0039063426183765e-07,0.005110098663321982,0.9948898008388295,1.0721498905207089e-10,3.242117300703766e-29,3.266298156452449e-55,8.123454041392457e-43
"Merced city, California",6,46898,6,7,0.0,1.2640089371982503e-73,8.385111979155681e-07,0.0,6.387319632279757e-27,6.613297799165746e-75,0.9999991614887997,3.077406943305203e-15
"Milpitas city, California",6,47766,1,6,0.0,0.9999731198510546,4.8559601284585086e-18,2.68801489461037e-05,7.059688182214225e-38,0.0,2.1160127208135718e-213,2.6883585481058795e-170
"Modesto city, California",6,48354,2,1,0.0,1.2201249555538355e-15,0.9999998427906166,0.0,1.5720937047128043e-07,9.792859886004969e-83,2.4396024153267353e-22,1.1477164166325774e-14
"Moreno Valley city, California",6,49270,2,1,0.0,2.356250007067616e-10,0.9999999995432773,0.0,2.210978998953918e-10,1.9468665231316245e-86,5.31148254636863e-43,1.270721384193714e-25
"Murrieta city, California",6,50076,2,0,0.0,5.023011580535914e-11,0.9999999999495408,0.0,2.29826314648495e-13,1.67773248536562e-233,8.761372651963481e-122,3.50595388216361e-44
"Napa city, California",6,50258,3,0,0.0,2.067129652796928e-08,4.716623167853414e-06,0.9999952601300417,2.575493758639621e-09,6.37869129315905e-183,4.4619689919330267e-66,1.486913904890374e-42
"Norwalk city, California",6,52526,2,0,0.0,3.286460373694477e-09,0.9999999965798221,0.0,1.3371681628330944e-10,2.4439285438469652e-127,6.464456326835385e-68,9.152175916323035e-25
"Oakland city, California",6,53000,4,5,0.0,0.016226097608609803,0.2634252758812937,0.0,0.7203486265100179,7.082415081269297e-157,7.89025932494316e-14,3.562416888833787e-16
"Oceanside city, California",6,53322,2,0,0.0,0.035808539756045366,0.9641763502764059,0.0,1.5109967548897686e-05,1.9800352311144466e-81,3.320412473565088e-45,9.02459328231636e-24
"Ontario city, California",6,53896,2,0,0.0,3.7187645381035323e-10,0.999999999502247,0.0,1.2587672259895038e-10,4.1566313670632065e-85,9.207195358714394e-40,2.5221460465775115e-25
"Orange city, California",6,53980,2,0,0.0,4.8114585552283926e-08,0.9998541559950654,0.0,0.00014579589034950148,4.364678043674026e-149,6.380744971222308e-36,6.53074374582743e-35
"Oxnard city, California",6,54652,2,1,0.0,9.346696005388912e-19,0.9999999999999982,0.0,1.175912825143564e-15,1.4335744197881913e-285,2.3291633510779317e-36,5.909334387110181e-24
"Palmdale city, California",6,55156,2,1,0.0,1.7937054161619477e-15,0.999999999976442,0.0,1.1799073083983737e-14,2.2812406946942386e-21,2.354383056664295e-11,1.2003718130377705e-29
"Pasadena city, California",6,56000,1,5,0.0,0.9995631399877855,5.294117119766802e-06,0.0,0.00043156589509453253,9.179989310576359e-199,2.5543300549785295e-27,6.295270438962894e-26
"Perris city, California",6,56700,3,1,0.0,4.2605530271526043e-23,0.0010134666861121202,0.998986533313888,2.5097648576340685e-20,9.317513200880698e-77,3.703398925759055e-50,6.260909244802284e-18
"Pittsburg city, California",6,57456,3,1,0.0,6.032100879423897e-21,0.00018541158870591124,0.9998145884045061,6.78783924756505e-12,1.5145819839432494e-21,1.5423828305486147e-19,8.201878173153211e-41
"Pleasanton city, California",6,57792,1,6,0.0,0.9707374805109639,5.812990501387462e-11,0.02926251943090657,1.1123913835204446e-16,0.0,1.13088245507607e-140,5.586948760128186e-145
"Pomona city, California",6,58072,2,1,0.0,1.2654392552440985e-31,1.0,0.0,9.542552595119333e-18,1.6191808077322624e-180,1.2805417717700266e-20,3.661494958326894e-18
"Rancho Cordova city, California",6,59444,2,4,0.0,1.2513686860813109e-29,0.9684644859862844,0.0,0.03147107101303538,1.621000742915866e-33,6.444300062333226e-05,5.826457482526356e-14
"Rancho Cucamonga city, California",6,59451,2,0,0.0,6.252177209682085e-05,0.9998350702692074,0.0,0.00010240795869644226,8.298684685281876e-115,6.132879839781373e-33,1.045589566089705e-36
"Redding city, California",6,59920,3,4,0.0,4.7737235935113086e-18,3.1282800336718824e-07,0.9999852391284266,2.516602219947719e-07,2.2353470768517125e-09,1.234307949623321e-14,1.4194147988242573e-05
"Redlands city, California",6,59962,3,0,0.0,2.1055461233147762e-05,0.00013429585318885397,0.9998446482578404,4.27737799526497e-10,5.182284925316357e-197,5.6720439618366335e-42,4.319707613731743e-30
"Redondo Beach city, California",6,60018,3,6,0.0,0.006702828255546605,5.700542991078614e-07,0.9932966016715067,1.8648068622925755e-11,0.0,2.123979926775279e-91,3.7901894601163753e-81
"Redwood City city, California",6,60102,1,6,0.0,0.9999751971135346,1.9976646347821103e-16,2.4802886464693104e-05,6.097481626842322e-26,0.0,9.207146520022193e-173,9.799944887732342e-160
"Rialto city, California",6,60466,2,1,0.0,6.0324341692104846e-18,1.0,0.0,6.64097149349479e-16,5.1352920691555356e-117,3.1113270458723347e-26,9.002264396401637e-29
"Richmond city, California",6,60620,2,0,0.0,1.646684547132528e-12,0.9999998015938348,0.0,1.984045182429353e-07,1.9504781042972494e-256,4.6758583788001795e-35,1.4027221276150117e-24
"Riverside city, California",6,62000,2,0,0.0,3.6959399076516197e-14,0.9999992805113956,0.0,7.194885673307335e-07,1.9933945179218845e-106,4.4667617818995255e-33,2.8267898462266624e-19
"Rocklin city, California",6,62364,3,0,0.0,1.9508223694687937e-08,0.00020613538004797107,0.999793842600036,2.511692139497356e-09,3.7657519044318236e-142,2.513408704249995e-49,1.0125097188474327e-48
"Roseville city, California",6,62938,2,0,0.0,0.002229184998607983,0.9974425989748924,0.0,0.00032821602649934297,1.447070451910324e-90,2.933710435231021e-54,1.1375599099788841e-32
"Sacramento city, California",6,64000,2,0,0.0,2.5467023198632824e-07,0.9911621568532344,0.0,0.008837587801152841,3.5382928210908505e-106,2.1067983096171122e-23,6.753809491305581e-10
"Salinas city, California",6,64224,2,1,0.0,1.2596707486011032e-72,0.9999999999905818,0.0,1.2344145922930635e-39,3.2270370257044483e-246,9.419943758287102e-12,6.340388202645074e-21
"San Bernardino city, California",6,65000,2,1,0.0,1.783795884379077e-33,0.999997629495215,0.0,3.7043377167749293e-09,6.048067029544629e-79,2.3668000252677415e-06,4.213950064915908e-13
"San Buenaventura (Ventura) city, California",6,65042,2,0,0.0,0.002000800925461923,0.9979851263887425,0.0,1.4072685794892993e-05,8.603523368637635e-100,1.2235238303229891e-39,9.299055199688432e-19
"San Diego city, California",6,66000,1,6,0.0,0.807735980839215,0.1760970422366383,0.0,0.016166976924146585,2.15216431883037e-174,2.9147082224914097e-38,7.326280181995813e-28
"San Francisco city, California",6,67000,1,6,0.0,0.9999999999999218,1.583948917354196e-14,0.0,6.198025784959137e-14,0.0,2.837937491346623e-68,9.242176874178243e-80
"San Jose city, California",6,68000,1,6,0.0,0.9999988767129867,1.1232866446659677e-06,0.0,3.694241755602062e-13,0.0,1.5063071572284624e-100,3.733383489806075e-81
"San Leandro city, California",6,68084,3,0,0.0,2.496910286325411e-20,6.078887152293023e-05,0.9999392111236187,4.858777023581071e-12,1.5400478929275925e-88,2.6184914267938994e-19,2.4137687364292452e-21
"San Marcos city, California",6,68196,3,0,0.0,4.002499461428896e-08,2.0630588053745763e-06,0.999997896915012,1.188779957672337e-12,1.871363821803546e-37,1.052160288106002e-17,1.4053157653260589e-50
"San Mateo city, California",6,68252,1,6,0.0,0.9960326944107303,1.0633914365759837e-12,0.003967305588206371,2.68252882173497e-25,0.0,4.193832335849904e-113,3.963532027033899e-124
"Santa Ana city, California",6,69000,2,1,0.0,9.564778112004711e-36,1.0,0.0,6.253544847372072e-23,1.3754673004153876e-308,1.5819728398048907e-37,1.7177551837957475e-24
"Santa Barbara city, California",6,69070,3,5,0.0,2.315223656364895e-18,7.580725009559134e-08,0.9999969413421553,2.982850552743492e-06,6.152337125789255e-113,4.1610490540274494e-14,2.4827206011953684e-31
"Santa Clara city, California",6,69084,1,6,0.0,1.0,3.608651700829739e-19,0.0,4.515971069751874e-31,0.0,4.260665552093907e-177,1.0342807766736563e-172
"Santa Clarita city, California",6,69088,1,0,0.0,0.9710008562379701,0.02899914363671629,0.0,1.2531427268967537e-10,8.358638464926053e-200,8.977849399460476e-81,6.42467398798796e-50
"Santa Maria city, California",6,69196,6,1,0.0,2.482954685151216e-99,4.2582012835192193e-10,0.0,1.6309718696722837e-48,9.197580468628178e-162,0.9999999995741806,8.358601365418641e-27
"Santa Monica city, California",6,70000,3,6,0.0,0.0017419729171507332,8.682344254681162e-09,0.9982580184003752,1.3002022442624517e-13,0.0,6.764933173471093e-54,9.549523729997184e-65
"Santa Rosa city, California",6,70098,2,0,0.0,7.726844337111237e-05,0.998310322577101,0.0,0.0016124089795270303,1.3962675579612293e-142,4.1867815380785545e-36,6.549283191618318e-16
"Simi Valley city, California",6,72016,1,0,0.0,0.9741640920398282,0.025835907942720074,0.0,1.7451914914205882e-11,4.12673874144653e-241,7.759924276980683e-104,1.3159829641243215e-59
"South Gate city, California",6,73080,3,1,0.0,3.6116953834485287e-53,0.016283976789676927,0.98371602320494,5.6308280584466794e-33,3.575325635411679e-251,5.382771167097692e-12,5.876791965814526e-27
"Stockton city, California",6,75000,2,1,0.0,3.8340201639364814e-22,0.9999999929864991,0.0,3.217582686313525e-09,1.460675220667678e-141,2.6482047134374168e-14,3.7958915674593945e-09
"Sunnyvale city, California",6,77000,1,6,0.0,0.9999939971858478,6.131920280204508e-19,6.00281415284578e-06,7.581128534307985e-37,0.0,1.3776102921556863e-166,1.1287396181737817e-166
"Temecula city, California",6,78120,3,0,0.0,2.3224001553507407e-05,0.00154004637752649,0.99843672961805,2.8695976800825904e-12,1.48414732125812e-133,3.95219655438333e-84,1.2251583669012127e-42
"Thousand Oaks city, California",6,78582,1,6,0.0,0.9999901975896309,9.80225944859967e-06,0.0,1.5092012752993934e-10,0.0,1.9384605453540103e-117,6.702024436503796e-75
"Torrance city, California",6,80000,1,0,0.0,0.9039781981745753,0.04958264587739539,0.0,0.04643915594802934,1.0853369690307226e-108,4.688625264564279e-34,7.903952400440161e-32
"Tracy city, California",6,80238,2,0,0.0,5.451921375788037e-09,0.9999999945399942,0.0,8.084651150730455e-12,8.694461427958114e-188,1.560036446205855e-84,4.313399936354556e-44
"Tulare city, California",6,80644,3,1,0.0,1.0483927749389795e-42,8.32344290248681e-07,0.9999991676557105,1.866647581401516e-18,2.337984495017657e-128,1.5006455152183887e-17,1.993059717576337e-21
"Turlock city, California",6,80812,3,1,0.0,3.336799151800022e-17,0.0009303398000130615,0.9990696599622872,2.8699378585297307e-13,5.763502660590258e-78,4.431017909810172e-28,2.374129935577156e-10
"Tustin city, California",6,80854,3,6,0.0,6.290066195890194e-05,0.0012655653898704055,0.9986715191370141,1.4811156610450509e-08,2.9796707750013886e-213,7.370562395023093e-42,1.3966065302963109e-36
"Union City city, California",6,81204,3,0,0.0,0.00012100035914697364,0.0009708548029117443,0.9989081447291663,1.087751469069344e-10,7.143890282657275e-247,5.028679283034918e-56,1.6130034767319425e-42
"Upland city, California",6,81344,3,3,0.0,3.6652818640636204e-06,0.0009844180325230519,0.9990119160901778,5.954350659085615e-10,1.0999783153527367e-130,1.6424095541134627e-38,6.3870781413803645e-18
"Vacaville city, California",6,81554,2,0,0.0,0.00035708789333394715,0.999642912105968,0.0,6.974949532368321e-13,1.3302435646001305e-247,3.4937627988025206e-85,2.1978991141657598e-39
"Vallejo city, California",6,81666,3,1,0.0,1.8479042180505752e-12,0.0009589357287213688,0.9990377858038991,3.2784602920797464e-06,4.6149732319083935e-12,6.242386202404505e-13,7.604907467368127e-24
"Victorville city, California",6,82590,2,1,0.0,1.122870088774095e-28,0.9999999999990674,0.0,9.32155502741117e-13,8.629705926314571e-30,1.2496551111558343e-29,3.3437910589266936e-21
"Visalia city, California",6,82954,2,0,0.0,6.47858135989191e-09,0.9988117522251441,0.0,0.0011882397899905955,1.0558642210280189e-74,6.014900445133418e-29,1.5062843642633187e-09
"Vista city, California",6,82996,3,0,0.0,1.3154221320403245e-08,0.00042625805589699493,0.9995734641097151,2.6468016615855126e-07,1.0258457413720191e-72,2.178552377176413e-26,8.257774180183716e-31
"West Covina city, California",6,84200,2,0,0.0,1.1108963846502016e-06,0.9999788326360205,0.0,2.0056467594926675e-05,1.1975013982665913e-77,3.1650582491288414e-30,1.9428733553900922e-27
"Westminster city, California",6,84550,3,1,0.0,3.345102852793882e-26,0.04979255528394199,0.950207444716058,4.261816320812839e-18,8.740982014478333e-103,2.095324736112812e-18,4.760944729845971e-27
"Whittier city, California",6,85292,3,0,0.0,7.321458602694225e-09,0.0005627803072201108,0.9994372097863174,2.5850038534163155e-09,1.0514500793227132e-134,5.27210426616942e-51,1.193649761436147e-23
"Yuba City city, California",6,86972,3,4,0.0,2.1194923625174128e-10,0.00029268557792176035,0.9997068996712968,2.291027481034305e-10,7.144744601129068e-99,1.6594887327326282e-31,4.1430972941812445e-07
"Arvada city, Colorado",8,3455,1,3,0.0,0.9824922908381513,0.017453795164365443,0.0,5.3913997483494e-05,9.92074331765863e-128,3.77981731103405e-82,1.1851513866543986e-33
"Aurora city, Colorado",8,4000,2,0,0.0,8.725391344976578e-10,0.9999993033356873,0.0,6.957917720389427e-07,3.4555794110527317e-72,1.614937538734973e-33,1.1568323988045825e-15
"Centennial city, Colorado",8,12815,1,6,0.0,0.9999751411291966,2.4787681854468712e-05,0.0,7.118894811966806e-08,9.554159251866259e-212,2.652990692722207e-122,1.1987401259757205e-57
"Colorado Springs city, Colorado",8,16000,4,3,0.0,0.01689601376331212,0.2116165012716455,0.0,0.7712984324850951,6.562185079308896e-27,1.7441339153897563e-29,0.00018905247994715455
"Denver city, Colorado",8,20000,4,5,0.0,0.059890253790799056,0.0001103829742530152,0.0,0.9399993631868968,4.386390478618296e-84,5.348331757339469e-39,4.805137850652752e-11
"Grand Junction city, Colorado",8,31660,3,3,0.0,5.3728354166788e-12,1.7157823651298618e-06,0.9999681447638853,3.0070366318682007e-05,9.084737578855179e-10,1.395284202443608e-16,6.817358451799604e-08
"Greeley city, Colorado",8,32155,2,4,0.0,4.5736505952566615e-11,0.9997465457696252,0.0,6.81054685123645e-05,8.571034330152568e-46,6.338839532641188e-16,0.00018534871612553417
"Lakewood city, Colorado",8,43000,4,3,0.0,0.0004855615986449062,0.011782801308251229,0.0,0.9877315788114588,2.180342178629703e-34,2.5750199109161856e-24,5.8281644816939175e-08
"Longmont city, Colorado",8,45970,3,3,0.0,0.0002804532710515701,5.602028485343017e-06,0.9997088928302432,5.051867579845493e-06,4.339083245496516e-33,1.7721530558597286e-54,2.6399902953088864e-12
"Pueblo city, Colorado",8,62000,5,4,0.0,4.5714658270021143e-29,0.0010257996173782993,0.0,0.0007295038907978326,0.9873471615362623,1.9623063666693087e-14,0.010897534955541136
"Thornton city, Colorado",8,77290,3,0,0.0,3.629047124049953e-05,0.0001449075119801225,0.9998187040903678,9.792641185749021e-08,1.8897467513797218e-34,3.05864209270924e-32,1.991453651968974e-24
"Westminster city, Colorado",8,83835,3,3,0.0,0.00019671737368310245,0.001050630787538541,0.9987520148773986,6.369613796728466e-07,5.8574124449546e-90,8.492532492517432e-64,1.0100673419039526e-18
"Bridgeport city, Connecticut",9,8000,6,7,0.0,4.155660181064363e-16,0.001584569217189684,0.0,0.00015415938679559928,2.907666065980952e-72,0.9982612713960136,1.7614988772035476e-17
"Danbury city, Connecticut",9,18430,3,0,0.0,3.6257587224467607e-07,0.0025011567894460593,0.9974577574474728,4.072318463852468e-05,1.3024312175331968e-27,3.235827509544093e-15,2.567398894192641e-12
"Hartford city, Connecticut",9,37000,6,7,0.0,9.973927768979759e-29,8.298913713160345e-19,0.0,2.4017371627895656e-08,4.238784772356433e-112,0.9999999753415828,6.410464194261397e-10
"New Britain city, Connecticut",9,50370,3,4,0.0,2.044966993717634e-18,1.0173666697057226e-13,0.9999999866655643,3.1375014190695166e-10,7.433183283631324e-25,9.879715252894893e-22,1.3020584098300954e-08
"New Haven city, Connecticut",9,52000,6,7,0.0,4.438104542678681e-44,3.6951599256897775e-12,0.0,4.867809269923713e-19,1.0754244563999615e-117,0.9999999999963052,5.477875562650751e-18
"Norwalk city, Connecticut",9,55990,3,6,0.0,0.0010690420734836492,7.751999060740825e-05,0.9988525918505788,8.460853298067325e-07,2.4427550890543197e-202,1.4718622163937463e-35,5.1660106294956075e-21
"Stamford city, Connecticut",9,73000,1,6,0.0,0.99702422842592,0.0011726518331071506,0.0,0.0018031197409722353,7.158624565761155e-174,6.469933351398298e-24,4.78368041050888e-37
"Waterbury city, Connecticut",9,80000,3,2,0.0,9.74853814839644e-40,2.130987853884723e-09,0.9999999978358769,3.313544825584791e-11,7.71970204846398e-23,4.4040411357706923e-17,1.2703984603847266e-17
"Wilmington city, Delaware",10,77580,3,5,0.0,1.0532082134809582e-17,2.0204180815476922e-09,0.9999993517542484,5.090217788647459e-07,1.1416098265623801e-54,1.964759645058922e-08,1.1755595854424247e-07
"Washington city, District of Columbia",11,50000,4,5,0.0,3.0482021628439615e-09,2.700357386314226e-07,0.0,0.9999997269160588,4.107391478151695e-200,1.10928073707999e-21,4.7865812396031716e-30
"Boca Raton city, Florida",12,7300,4,5,0.0,1.901563990406566e-21,3.337629092600564e-17,0.0,1.0,1.0079872429409016e-108,6.148346122314017e-48,3.026486612059211e-50
"Boynton Beach city, Florida",12,7875,3,0,0.0,1.0512231295316621e-29,1.2766497435077044e-22,1.0,9.443106658749906e-19,2.886645109625907e-25,3.1984712961888086e-91,4.3447712389452235e-38
"Brandon CDP, Florida",12,8150,4,0,0.0,0.0013869819462785462,0.32207109334354844,0.0,0.676541896226364,7.359259560975046e-19,2.8199733359988442e-08,2.8407573521048587e-10
"Cape Coral city, Florida",12,10275,5,0,0.0,2.8903136857330053e-31,9.868228908272964e-20,0.0,4.845351654473686e-07,0.9999995154648343,1.2179185980012393e-79,3.575027065027657e-16
"Clearwater city, Florida",12,12875,3,5,0.0,6.039232466468848e-17,1.9028007785886354e-13,0.99116532025985,0.008828248499452492,6.4277772121103595e-06,6.06862812310968e-29,3.463294737211166e-09
"Coral Springs city, Florida",12,14400,2,0,0.0,0.12334220352695446,0.861819117590658,0.0,0.014838678882387185,7.322425256705824e-17,4.2304411097232373e-19,1.2068350994287811e-22
"Davie town, Florida",12,16475,3,5,0.0,1.6030678384957342e-16,2.1759515328937472e-11,0.9995855027924065,0.0004144971858336473,4.273297847695818e-22,4.978573950012611e-39,5.523224286913789e-26
"Daytona Beach city, Florida",12,16525,3,2,0.0,3.387993159175933e-23,7.524687667051529e-20,0.9999998782848504,2.889663941887371e-14,5.696094019594065e-16,1.372623269044507e-38,1.2171511938197224e-07
"Deerfield Beach city, Florida",12,16725,3,5,0.0,1.3747512488873469e-22,2.3420220631770375e-19,0.9999962801984092,3.719778772445092e-06,2.2818918973072626e-11,3.418510620586636e-57,2.7013802954831987e-24
"Delray Beach city, Florida",12,17100,3,5,0.0,8.887526183212972e-29,7.19964007899526e-22,0.9999997344188498,2.655811510375227e-07,1.809741031765569e-60,3.9577375025749576e-107,3.918351878138209e-29
"Deltona city, Florida",12,17200,3,0,0.0,2.6532596964894507e-14,1.6916402609822631e-07,0.9999998308359476,1.6204464354564942e-16,5.974501708047858e-46,6.846017053092843e-36,1.6570168587188248e-34
"Doral city, Florida",12,17935,3,6,0.0,4.717872929907669e-19,1.380997984739659e-15,1.0,3.340290268626526e-20,6.55799830827982e-36,2.877747597584346e-52,3.804962659972075e-54
"Fort Lauderdale city, Florida",12,24000,4,5,0.0,1.964638233140453e-27,5.796794034854698e-20,0.0,0.9999999999997353,2.8135291433996536e-48,7.371739285666593e-25,2.652861395472055e-13
"Fort Myers city, Florida",12,24125,5,2,0.0,2.0018603585321482e-25,5.352069266003201e-13,0.0,0.005017803971201189,0.9949128520053906,1.8648867758159906e-12,6.934402100757408e-05
"Hialeah city, Florida",12,30000,2,1,0.0,4.9568979692558156e-23,0.9999999998096882,0.0,3.3282163906203454e-15,2.546339895054828e-21,1.9030896111908733e-10,3.566197537949896e-25
"Hollywood city, Florida",12,32000,4,5,0.0,4.215561763441435e-09,2.5602313883582408e-05,0.0,0.9999743920895228,7.603325233976658e-18,3.9090076015527394e-20,1.3810312329244959e-09
"Homestead city, Florida",12,32275,3,1,0.0,1.6475132463049395e-41,8.227476158539007e-09,0.9999999917725244,1.3327371859831293e-32,2.317154957346419e-36,1.4935607183534506e-18,3.1918067217742922e-27
"Jacksonville city, Florida",12,35000,4,4,0.0,0.00012605479515457002,0.09300175495310424,0.0,0.9023666440775833,2.1829226684149677e-06,1.2309624765909238e-13,0.004503363251366749
"Kendall CDP, Florida",12,36100,3,3,0.0,6.958300573869743e-05,0.0001229803925164517,0.9998074366007912,9.53653346487458e-13,1.0345517156299236e-70,4.223961560234797e-81,3.0251319008571498e-21
"Kissimmee city, Florida",12,36950,3,1,0.0,9.529109690832601e-15,9.425957101997434e-10,0.9999999967569337,1.996406442991854e-09,2.937476934221856e-10,1.0276538578651802e-11,3.034119396548717e-14
"Lakeland city, Florida",12,38250,4,4,0.0,1.8634963541040498e-08,0.0013088041975632527,0.0,0.5458551963566584,4.7345529429946865e-09,1.4463216623759248e-14,0.4528359760762478
"Largo city, Florida",12,39425,3,2,0.0,1.045712578260616e-27,1.5880960209393088e-26,0.9999999998585825,1.4116521959498168e-10,1.740685088445213e-16,1.2112544051013654e-65,2.5247664637800474e-13
"Lauderhill city, Florida",12,39550,3,1,0.0,2.0598796397957716e-23,4.9680809790688175e-11,0.9999999999497629,1.374125389619427e-22,5.1409935968405544e-92,5.561156556553477e-13,1.5477230196122478e-36
"Lehigh Acres CDP, Florida",12,39925,3,1,0.0,4.684527100919841e-64,3.478111827929451e-13,0.9999998922455728,2.104170539543984e-19,1.0775401450165089e-07,6.504694721708876e-14,1.3270216869165658e-29
"Melbourne city, Florida",12,43975,4,4,0.0,8.941580227901764e-08,0.0360454561986534,0.0,0.9613885113281727,0.0025659081134414255,2.4082648616439756e-12,3.49415220562619e-08
"Miami city, Florida",12,45000,4,5,0.0,1.0304926167782078e-07,7.297894523222277e-05,0.0,0.9999269095116563,2.864138060742492e-31,8.493838948796742e-09,1.0956721021622703e-14
"Miami Beach city, Florida",12,45025,4,5,0.0,2.8758981698840223e-89,5.730097702728115e-51,1.3219965901779438e-07,0.9999998678003424,1.6946408803183786e-49,3.7254946815524e-102,6.2798172010096535e-30
"Miami Gardens city, Florida",12,45060,5,1,0.0,6.75534826640909e-09,0.003991687575682035,0.0,2.0274575439631946e-10,0.9960083053174038,1.4882012395119206e-10,1.6876371045505075e-42
"Miramar city, Florida",12,45975,1,0,0.0,0.9999988511376481,1.7265793446725147e-07,0.0,9.762044178732165e-07,2.4658165345783885e-21,2.4506284942994855e-29,3.031373379846129e-43
"North Port city, Florida",12,49675,3,0,0.0,3.544903591280553e-09,2.5296912579463557e-06,0.9999974123132574,7.51389803709516e-18,5.445058107156352e-08,3.829099097639018e-127,3.008874115831536e-31
"Ocala city, Florida",12,50750,3,2,0.0,1.6315420085930287e-40,4.33663038847806e-09,0.999711794762349,4.440395620150298e-09,0.00028819550721367545,1.0235160203137424e-15,9.534101745914013e-10
"Orlando city, Florida",12,53000,4,5,0.0,2.7985473463812193e-07,0.006130011224471655,0.0,0.9938685355931202,2.4250047713518545e-22,6.763329824445507e-10,1.1726513401852079e-06
"Palm Bay city, Florida",12,54000,2,0,0.0,0.0007955306633427883,0.9992042661305048,0.0,2.0320613545780867e-07,1.667354973997919e-14,6.759253161595189e-30,5.703644074974811e-19
"Palm Coast city, Florida",12,54200,3,0,0.0,1.5859338703213096e-12,3.971456294463198e-08,0.9999987741456122,2.048582960489423e-10,1.1859333808676626e-06,1.0190265524974686e-48,1.6869419594518308e-22
"Pembroke Pines city, Florida",12,55775,1,0,0.0,0.9984282760601689,0.001571676428224074,0.0,4.7511606590459344e-08,2.4191874635555613e-28,2.001756207580599e-62,1.1570291311749735e-32
"Plantation city, Florida",12,57425,3,6,0.0,1.5663650982941302e-13,1.965559913600631e-08,0.9999997114361622,2.689080822311557e-07,8.715277433061705e-44,3.251482338030998e-80,1.5054352487303215e-33
"Pompano Beach city, Florida",12,58050,5,2,0.0,6.004690793902427e-76,2.560458234072458e-44,0.0,2.4400728936656e-09,0.9999999975599199,1.0826736782914021e-94,6.922728840320563e-15
"Port Orange city, Florida",12,58575,3,0,0.0,4.218087357684419e-09,2.5474282052051095e-06,0.9999319994612329,1.2279854451573593e-08,6.543661261766673e-05,1.9010407035761756e-59,2.289036864699435e-15
"Port St. Lucie city, Florida",12,58715,2,0,0.0,0.0017655252638507982,0.9982344747352357,0.0,9.151566467349806e-13,8.171248492065068e-22,3.2021674268483894e-104,2.6659638621655336e-30
"Riverview CDP, Florida",12,60950,3,0,0.0,2.7557166314943464e-20,8.393303362347336e-09,0.9999999915695854,1.528465561890571e-11,2.1826856455303055e-11,7.861909336195989e-53,3.483204719687028e-24
"St. Petersburg city, Florida",12,63000,4,5,0.0,3.718977414477477e-12,1.815811427905627e-05,0.0,0.9999145561415123,6.728497344225993e-05,5.031685247941055e-43,7.670477438512522e-10
"Sanford city, Florida",12,63650,3,3,0.0,1.8367088711559857e-08,9.435812712051789e-07,0.9999232602932954,7.577692900784984e-05,2.2274740067769992e-23,6.111233553555455e-41,8.293372226958227e-10
"Spring Hill CDP, Florida",12,68350,2,0,0.0,4.8241079165943936e-08,0.936253470520254,0.0,1.4278252187483599e-06,0.06374505341343618,1.0007273282766056e-58,1.2575671761811655e-14
"Sunrise city, Florida",12,69700,3,0,0.0,9.077346894286065e-06,7.295233032820082e-07,0.9999901929185475,2.112539408256515e-10,1.370685173859262e-15,6.764473893371745e-58,5.100489203302236e-32
"Tallahassee city, Florida",12,70600,5,7,0.0,7.710008651666752e-30,9.571332875123606e-19,0.0,3.2557369914214086e-07,0.9999996744235237,2.7247244950013967e-12,5.195652929224572e-14
"Tamarac city, Florida",12,70675,3,0,0.0,3.689113391773174e-10,1.083333296147386e-10,0.9999999995227551,4.003786562580742e-18,5.1986407906877365e-36,2.4047001175895522e-45,3.7271142971007473e-56
"Tampa city, Florida",12,71000,4,5,0.0,3.982387772418046e-06,0.001044693198904249,0.0,0.9989513152095856,3.287249234207276e-61,5.0174975367103834e-15,9.20373292207911e-09
"Town 'n' Country CDP, Florida",12,72145,3,4,0.0,1.5646456499654474e-07,8.814971005922455e-05,0.9998697176751447,4.1975936684185975e-05,2.121954892822152e-10,6.823955551038095e-18,1.3514585436416587e-12
"West Palm Beach city, Florida",12,76600,4,5,0.0,3.773012681762639e-07,8.852726512316538e-06,0.0,0.9999904804831181,1.3611164134081978e-30,7.084260517512233e-26,2.894891005883369e-07
"Albany city, Georgia",13,1052,5,2,0.0,1.0814603701052313e-61,5.5916654069332504e-24,0.023704878309605677,7.378874269581914e-13,0.9762951216894558,1.9985472865462835e-15,1.9890744519050444e-13
"Athens-Clarke County unified government (balance), Georgia",13,3440,4,5,0.0,1.0229378658559567e-22,1.2274862952371227e-09,0.0,0.9966584167514786,0.0016623969735209134,1.106968916568629e-08,0.0016791739778254787
"Atlanta city, Georgia",13,4000,4,5,0.0,2.7118580097827976e-08,3.171159516156438e-11,0.0,0.9999999728496997,1.9866706605961407e-55,1.4252399477538148e-31,8.592794913854649e-15
"Augusta-Richmond County consolidated government (balance), Georgia",13,4204,7,2,0.0,3.976718564330131e-30,5.032262678832285e-07,0.0,0.0009455278210802755,2.4154792126180033e-14,2.2762135538364886e-08,0.9990539461904921
"Columbus city, Georgia",13,19000,7,2,0.0,9.218012201904696e-16,1.0821213012826283e-06,0.0,0.005843283844846365,4.137299376533075e-12,4.3571755487921857e-07,0.9941551983121596
"Mableton city, Georgia",13,48288,3,3,0.0,1.7332936700274361e-16,1.244720915656375e-09,0.9999999986318935,1.5027198183146293e-12,1.3323251673239184e-29,1.286686925312867e-52,1.2188275311668882e-10
"Macon-Bibb County, Georgia",13,49008,7,2,0.0,1.4615205990342864e-34,6.145846871602814e-15,0.0,3.427371098032048e-05,1.9605033124402304e-15,1.013860851812284e-11,0.9999657262788727
"Sandy Springs city, Georgia",13,68516,3,6,0.0,7.215917262493698e-06,1.2368230788847743e-07,0.9943751907207634,0.005617469679666509,9.411034270978845e-74,4.23608982589135e-41,4.278640904106408e-22
"Savannah city, Georgia",13,69000,5,2,0.0,3.789077193092226e-29,4.729060129625212e-13,0.0,7.832497237844766e-05,0.951335463866582,5.329513516672996e-16,0.04858621116056608
"South Fulton city, Georgia",13,72122,3,3,0.0,1.0753604068325833e-13,7.45114261487237e-08,0.9999999218810686,1.2853866611858964e-09,2.322010597370107e-09,5.534350412033135e-76,1.3941960586157941e-16
"Warner Robins city, Georgia",13,80508,3,4,0.0,1.5422578870699115e-27,3.891277053717854e-06,0.9984280783145201,3.270023002343771e-06,5.739052350627813e-07,7.137559566247208e-06,0.0015570489206223179
"Urban Honolulu CDP, Hawaii",15,71550,4,5,0.0,1.5213751793969258e-08,1.47822344755423e-06,0.0,0.9999984930027783,1.6511873688095955e-30,1.4866559122986788e-21,1.3560022479858348e-08
"Boise City city, Idaho",16,8830,4,5,0.0,0.00043352932756108203,0.0045857938357830004,0.0,0.9949761752178384,3.363471917335146e-09,1.3360277461882777e-08,4.484895067704097e-06
"Caldwell city, Idaho",16,12250,3,0,0.0,2.1162808504296828e-24,2.2378945881930444e-06,0.9999977621029638,2.0609199204194135e-28,1.0095033330330434e-28,2.169248710700447e-62,2.448886805405427e-12
"Idaho Falls city, Idaho",16,39700,3,3,0.0,3.717340625110152e-08,2.5041395462569795e-05,0.9996421398807867,4.646907146339648e-06,3.0560078147405426e-31,2.4164877634587506e-64,0.0003281346431981092
"Meridian city, Idaho",16,52120,3,3,0.0,8.414051103690022e-05,0.00012443487479947047,0.9997914144483112,1.016582503069059e-08,8.602177109790512e-27,1.8574684459591524e-81,2.7324393984578538e-14
"Nampa city, Idaho",16,56260,2,3,0.0,3.931333709813226e-07,0.9998449209052815,0.0,1.618694704061639e-05,4.379959583068715e-52,2.096420481840932e-65,0.00013849901430648532
"Aurora city, Illinois",17,3012,2,3,0.0,8.68137249577279e-06,0.9997561425928937,0.0,5.304326778049322e-06,7.329745060173e-166,2.23957662262912e-71,0.00022987170783238332
"Bloomington city, Illinois",17,6613,3,3,0.0,7.00964264758968e-07,1.6654065171419726e-07,0.9999608108583188,1.3166644583212504e-05,9.557932883751744e-25,3.949628338374544e-42,2.515499218128579e-05
"Bolingbrook village, Illinois",17,7133,3,3,0.0,4.7120190636962396e-14,2.6394193172967826e-07,0.9999997360577944,2.267724749054961e-13,1.9383605543703883e-41,9.684497746617703e-58,4.49722683095363e-21
"Champaign city, Illinois",17,12385,3,5,0.0,8.127383035623401e-45,5.190012627855518e-22,0.999999996250331,1.8780822047054797e-11,2.8929887654348804e-41,4.773479444883633e-12,3.726114961092493e-09
"Chicago city, Illinois",17,14000,4,5,0.0,2.7010821614091846e-05,0.0004983641959382147,0.0,0.9989263610498541,3.697252649047414e-105,2.083758562207833e-11,0.0005482639117551932
"Cicero town, Illinois",17,14351,3,1,0.0,7.244547597020943e-46,6.695229588121197e-05,0.9999330475487186,1.0880520076149632e-36,3.342677515240999e-81,1.5540011276892281e-10,4.4384863241620015e-19
"Decatur city, Illinois",17,18823,5,2,0.0,3.0543236998719697e-97,1.204968279094617e-18,0.04130462435976083,2.081421008056278e-14,0.958695345988471,1.2027727142116497e-16,2.9651746588945136e-08
"Elgin city, Illinois",17,23074,2,0,0.0,3.82980037497602e-06,0.9999961695286429,0.0,6.46195823499654e-10,6.5991686582573805e-111,3.520465741635291e-64,2.4785930974304425e-11
"Joliet city, Illinois",17,38570,2,0,0.0,4.963767702124732e-07,0.9999995036232281,0.0,1.988020508472433e-19,2.3693620588720406e-58,2.2099475008101533e-57,4.981076015903399e-26
"Naperville city, Illinois",17,51622,1,6,0.0,0.9999999998436255,4.5256079774554403e-13,0.0,1.5592182321235372e-10,0.0,8.94551360979119e-100,4.99093596366951e-87
"Peoria city, Illinois",17,59000,7,4,0.0,4.425004251559554e-33,3.942522380219109e-07,0.0,0.0025031673757262107,0.0005846835924750881,8.950721835483409e-09,0.9969117458288395
"Rockford city, Illinois",17,65000,7,7,0.0,2.6594876969778644e-30,4.631592928798703e-05,0.0,0.008918094494725689,8.281669228797451e-26,0.023994466509281782,0.9670411230667043
"Schaumburg village, Illinois",17,68003,3,3,0.0,0.0003970865615636383,0.00014454288152727958,0.9994566305276775,1.7400289781445387e-06,5.848558903036391e-76,9.216427972087552e-79,2.532242733617751e-13
"Skokie village, Illinois",17,70122,3,0,0.0,1.1599931473001873e-18,1.9768864553959936e-12,0.9999999999979714,5.6848395761568625e-21,4.5747234056761346e-21,5.166503860562966e-14,4.065374416139103e-23
"Springfield city, Illinois",17,72000,4,5,0.0,7.797736717198161e-08,0.0006323630248948127,0.0,0.9940568395565742,1.557268434572541e-16,3.161123383730606e-08,0.0053106878299293515
"Waukegan city, Illinois",17,79293,3,1,0.0,8.647640551635086e-30,0.0028357149920230445,0.9971642842694373,6.979896068522476e-15,4.96864956569224e-110,8.104318716174083e-14,7.384513681413973e-10
"Bloomington city, Indiana",18,5860,3,2,0.0,2.1481320225051545e-37,1.152163884416979e-12,0.9920708613719883,6.480509984884031e-10,0.007929136592893923,4.227924666653121e-43,1.3859143165575252e-09
"Carmel city, Indiana",18,10342,1,6,0.0,0.600407897266742,6.7880818405381525e-12,0.3995921026732778,5.319149914153865e-11,4.46059396465096e-232,8.622890411063112e-104,2.974239310898008e-81
"Evansville city, Indiana",18,22000,7,4,0.0,5.463908582004689e-16,0.0025587188571493096,0.0,0.21389185274648298,0.020121284392134994,1.1665495673403127e-07,0.7634280273492753
"Fort Wayne city, Indiana",18,25000,7,4,0.0,4.781563615541399e-10,0.003729499292705186,0.0,0.003811521915007125,9.41373304948996e-08,1.0575539870572979e-17,0.9924588841768007
"Greenwood city, Indiana",18,29898,3,3,0.0,8.613323559679946e-08,0.00016037691054200618,0.9998274235359277,1.0649680624357753e-06,9.546951615320358e-25,5.383115968733005e-53,1.1048452232204221e-05
"Hammond city, Indiana",18,31000,7,4,0.0,3.6760940226540916e-14,0.016862369324165544,0.0,3.939827312939508e-09,5.134429981962458e-27,2.1121097494391765e-32,0.9831376267359712
"Indianapolis city (balance), Indiana",18,36003,7,4,0.0,7.135481014281591e-20,0.00010283123003715906,0.0,0.00033251757632456495,1.3553674062447319e-06,5.3925347122377866e-11,0.9995632957723066
"Lafayette city, Indiana",18,40788,3,4,0.0,3.679259587121753e-52,1.5566047319212747e-11,0.9995185162883972,8.68253057469901e-06,5.055936658442718e-13,1.0735530732908178e-09,0.0004728000914036541
"Muncie city, Indiana",18,51876,3,2,0.0,4.1928037884591936e-57,5.648660056727254e-24,0.9985734550915696,2.0366066853594268e-13,1.4261913567625399e-09,2.935340430018744e-09,0.001426540546694358
"South Bend city, Indiana",18,71000,7,2,0.0,8.105725334635628e-32,1.8168143885402044e-08,0.0,7.872387203905119e-06,5.786535909893145e-05,8.162140732735328e-27,0.9999342440855535
"Cedar Rapids city, Iowa",19,12000,7,4,0.0,9.397667001268108e-06,0.00795681733110522,0.0,0.0049605379953672,1.8329113565984503e-06,1.1198795235811328e-23,0.9870714140951701
"Davenport city, Iowa",19,19000,7,4,0.0,1.2104476516949455e-13,0.0066049677148365534,0.0,0.037182500656797624,0.00040569349970574986,5.74753489402686e-06,0.9558010905936454
"Des Moines city, Iowa",19,21000,7,4,0.0,1.7219428263316917e-19,0.0014246582228545134,0.0,9.36024721465168e-05,7.161380184164932e-15,6.117254835889481e-31,0.9984817393049926
"Iowa City city, Iowa",19,38595,5,5,0.0,3.6730705064515793e-47,4.3209495326555925e-31,0.0005020271887669403,3.5514971396724953e-12,0.9994979728076804,2.7971953233964777e-38,3.0131308624855796e-16
"Sioux City city, Iowa",19,73335,3,4,0.0,5.260876412421347e-26,2.5315075223453315e-05,0.9999746664490284,6.355569411017223e-15,1.782594419874608e-17,1.5530147521228297e-15,1.8475740002097465e-08
"Waterloo city, Iowa",19,82425,3,4,0.0,1.7616731118580445e-26,5.338415327596615e-06,0.9999339335310964,1.1170258130014384e-10,4.4226575137193697e-26,3.4435069549331534e-07,6.038359117834937e-05
"Kansas City city, Kansas",20,36000,2,4,0.0,7.599946417658254e-16,0.997503590810126,0.0,8.372265696022255e-12,1.3813462796485268e-46,2.456667341914683e-37,0.002496409181500738
"Lawrence city, Kansas",20,38900,3,5,0.0,4.165539882591961e-15,1.0175510566337306e-13,0.9998156318828227,0.00010109573328770744,8.327238362828392e-05,3.0171749758967206e-44,1.544407790876323e-13
"Olathe city, Kansas",20,52575,3,3,0.0,1.9273209272032005e-07,3.343720876295789e-09,0.9999998039197534,4.4326968498048586e-12,4.8249278565842294e-141,3.6606222374981e-132,1.1101056763569099e-26
"Overland Park city, Kansas",20,53775,1,3,0.0,0.7769476108938678,5.368919502963206e-06,0.0,0.22304702018662445,3.003209207306711e-41,2.3764651068666574e-36,3.9677619077250175e-15
"Topeka city, Kansas",20,71000,7,4,0.0,4.326179191536037e-20,6.172979651257281e-05,0.0,0.010511536534012423,6.398859775800145e-10,2.358183667128796e-15,0.9894267330295868
"Wichita city, Kansas",20,79000,7,4,0.0,2.5760755617077948e-11,0.0030304164484915037,0.0,0.0005996805723668164,4.42843296641955e-28,2.3352570521168553e-18,0.9963699029533811
"Bowling Green city, Kentucky",21,8902,3,4,0.0,1.181201861159047e-30,1.831855576483921e-08,0.999999641995328,1.9649781995681514e-07,1.882596419691394e-29,4.625535879608817e-12,1.4318367077062516e-07
"Lexington-Fayette urban county, Kentucky",21,46027,4,5,0.0,0.0013659074797170044,0.00188342086945579,0.0,0.9909319367339191,1.7195708881237046e-05,1.4958661566671241e-18,0.005801539208026641
"Louisville/Jefferson County metro government (balance), Kentucky",21,48006,7,4,0.0,8.659478572817932e-10,0.00046803823822220004,0.0,0.004556448945308952,1.4797910099648083e-25,1.249924470270643e-10,0.9949755118255288
"Baton Rouge city, Louisiana",22,5000,7,2,0.0,6.909003258771621e-40,1.1377095270454275e-19,0.0,1.0181937837589353e-08,0.00021121753032722865,6.755969215587814e-16,0.9997887722877348
"Lafayette city, Louisiana",22,40735,7,2,0.0,9.55602552957112e-24,2.124454301607549e-07,0.0,0.0031910833704466854,2.021347737058806e-21,0.003313460944646166,0.9934952432394777
"Lake Charles city, Louisiana",22,41155,5,2,0.0,2.242477048576054e-55,3.1796381473918927e-21,0.2251020706409072,7.183773193898053e-08,0.7748200564629736,5.759307406004507e-15,7.78010583814695e-05
"Metairie CDP, Louisiana",22,50115,3,4,0.0,6.188515447996377e-53,3.8669615431120225e-13,0.9964605677949337,8.036701893845092e-09,1.3317829088451916e-09,1.1294088059443685e-16,0.003539422836193995
"New Orleans city, Louisiana",22,55000,5,2,0.0,1.1771341110707167e-23,7.864743424935452e-17,0.0,0.038518698985894106,0.9606196778462274,8.952849308569857e-19,0.0008616231678775651
"Shreveport city, Louisiana",22,70000,7,2,0.0,8.554388040498385e-33,1.0057458394555397e-11,0.0,0.00019063055121815801,4.7391216773789996e-12,1.8692776319133858e-09,0.9998093675647075
"Baltimore city, Maryland",24,4000,7,5,0.0,2.016729414467831e-10,0.0009767246261694594,0.0,0.3408169609914718,1.8870098872936682e-25,9.140293719844012e-11,0.6582063140892832
"Frederick city, Maryland",24,30325,3,3,0.0,3.4825616003901637e-06,5.311516193384661e-05,0.9999412361538346,2.1661226312484063e-06,1.1130387996585987e-94,2.1967823121421044e-75,6.599108517299801e-18
"Gaithersburg city, Maryland",24,31175,3,6,0.0,9.368203462009339e-08,4.933049510243983e-06,0.9999949576165553,1.5651899394388236e-08,3.2342240116751835e-261,1.5293807508002847e-66,2.0947618169311316e-33
"Glen Burnie CDP, Maryland",24,32650,3,3,0.0,1.9999297320204582e-05,0.0007997381200040801,0.9991084525113147,7.165857647449277e-05,5.252793784291001e-33,4.3241359808217175e-33,1.5149488651136634e-07
"Rockville city, Maryland",24,67675,3,6,0.0,2.4111346875693267e-06,8.11207861372576e-11,0.999997578127763,1.0656427841928515e-08,5.630539873084346e-230,1.5555978018552604e-73,1.1629116363804044e-74
"Boston city, Massachusetts",25,7000,4,5,0.0,0.0020296310195523945,0.17580252128851315,0.0,0.822167847691931,8.009446099962172e-217,2.8520823984619074e-15,1.2276307021848136e-18
"Brockton city, Massachusetts",25,9000,2,1,0.0,1.2827861386156436e-07,0.9999389037661278,0.0,6.09679547062993e-05,1.0827662996087438e-107,5.497402622677278e-13,1.802222063749534e-15
"Fall River city, Massachusetts",25,23000,3,1,0.0,1.021201059445206e-27,5.3153659712782294e-09,0.9999999914674493,4.514403148553763e-11,8.499605156749471e-14,3.171955467382686e-09,6.000778409005873e-16
"Framingham city, Massachusetts",25,24960,3,6,0.0,5.1703132009569345e-09,0.00041669937609805513,0.9994782398993053,0.00010505555428383177,8.533834930114641e-136,2.392089478944363e-45,6.318573926611746e-20
"Lawrence city, Massachusetts",25,34550,3,1,0.0,1.4196039315461177e-36,2.180596952943341e-05,0.9999781940304711,8.899531769755649e-19,1.0580646668592312e-107,6.801021447179008e-17,4.929635582804681e-28
"Lowell city, Massachusetts",25,37000,2,1,0.0,2.0007927822162984e-32,0.9999964518914064,0.0,3.548066135568364e-06,3.343900750085886e-51,2.8480658174614803e-11,1.3978170093444713e-11
"Lynn city, Massachusetts",25,37490,6,1,0.0,1.746963286250326e-25,0.0052970001485041435,0.0,3.903627215884246e-09,1.2030332640156362e-59,0.994702995947867,1.1552488720869013e-15
"Malden city, Massachusetts",25,37875,3,6,0.0,1.9537666767418485e-09,1.8333700732349443e-05,0.9999816628465589,1.4989421677180735e-09,4.875199846096072e-201,1.5960914466487237e-80,4.909766691824559e-30
"New Bedford city, Massachusetts",25,45000,6,7,0.0,2.242643277516076e-72,2.572843126695937e-07,0.0,3.2177024571446408e-15,2.847995937904954e-64,0.9999997426876235,2.806029434529116e-11
"Quincy city, Massachusetts",25,55745,3,6,0.0,1.9171129034105307e-05,2.7516973483825525e-05,0.9999533115706568,3.2682552730976803e-10,6.55598341736135e-144,4.257024937987465e-92,6.280962081582175e-22
"Somerville city, Massachusetts",25,62535,3,6,0.0,0.00029228002565209835,1.402181611730475e-09,0.9997077185721407,2.6116016701555423e-14,0.0,2.4826456211239068e-114,1.5586176499538812e-69
"Springfield city, Massachusetts",25,67000,7,2,0.0,1.6291088294374425e-59,0.00012807382380824764,0.0,2.0224170336048965e-06,5.4213355665785325e-25,6.943287520713586e-07,0.9998692094304068
"Worcester city, Massachusetts",25,82000,6,7,0.0,4.839681104934353e-25,0.0026968471084325672,0.0,1.0943084719709536e-05,1.9938219816432922e-30,0.997288522878784,3.6869280639763686e-06
"Dearborn city, Michigan",26,21000,3,2,0.0,9.273787986452108e-76,2.5175280738289258e-14,0.9999999999997993,3.185600796732726e-23,1.7540379749692818e-13,2.508493044590321e-28,4.38103171511873e-19
"Detroit city, Michigan",26,22000,7,2,0.0,2.85475829401217e-106,9.515964485916922e-34,0.0,9.839243123746354e-18,5.673031012107038e-09,2.5627189757910716e-21,0.9999999943269682
"Farmington Hills city, Michigan",26,27440,3,3,0.0,7.251645785319527e-15,6.194756033594209e-11,0.9999999998992948,3.8750627441284755e-11,1.9576000996504757e-22,9.635559272102969e-25,1.5442025537424432e-31
"Flint city, Michigan",26,29000,5,2,0.0,9.852107208052827e-102,7.737013921100295e-40,0.0006438819130761684,9.094971244922868e-20,0.9993298344174041,1.1220749862772403e-16,2.628366951994128e-05
"Grand Rapids city, Michigan",26,34000,4,3,0.0,8.414203169103657e-07,0.0032628519661276768,0.0,0.9936051429311068,7.419243371776211e-12,4.826222669874802e-41,0.0031311636750297363
"Kalamazoo city, Michigan",26,42160,3,4,0.0,1.695718811681795e-14,2.886675890181263e-09,0.999988550133823,8.724087711089685e-06,1.9053035919366102e-10,1.4482073147954227e-14,2.7227012282260176e-06
"Lansing city, Michigan",26,46000,7,4,0.0,4.849973058854749e-65,3.872628622349611e-10,0.0,1.5087596043712277e-11,6.85588602000983e-15,8.184654290429468e-13,0.9999999995968238
"Livonia city, Michigan",26,49000,1,3,0.0,0.9743160951690498,0.025668104034670187,0.0,1.580079433853009e-05,1.3631080625285638e-26,6.606996769334702e-47,1.9411942312118265e-12
"Southfield city, Michigan",26,74900,3,3,0.0,1.1945086760928863e-08,7.904786756955811e-08,0.9999830443442439,1.686164588125082e-05,2.921381640419948e-09,1.7206989287855364e-35,9.55386688860713e-11
"Sterling Heights city, Michigan",26,76460,2,0,0.0,3.828357225746671e-12,0.9998728563565752,0.0,0.0001130502253382738,9.619069587854858e-41,5.525640158137656e-20,1.4093414258147502e-05
"Troy city, Michigan",26,80700,3,3,0.0,0.0023186881824223205,8.551122943536834e-10,0.9976808359772615,4.7498520347501455e-07,4.679695957524482e-158,1.3300806404662938e-95,5.5759585110729746e-36
"Warren city, Michigan",26,84000,6,7,0.0,5.732760871727417e-30,0.0006906174290899523,0.0,2.409065871695756e-11,1.5084235387158537e-07,0.9993092317044633,1.5938556077642611e-15
"Westland city, Michigan",26,86000,3,4,0.0,1.5210890474984974e-37,5.163685478127705e-10,0.9983236638114914,3.4495554917993034e-05,2.227465893233032e-20,3.5403574803604164e-21,0.001641840117222747
"Wyoming city, Michigan",26,88940,3,3,0.0,3.3431991020637175e-08,2.0514666958323432e-07,0.9999997012655497,5.493237949393562e-08,4.8286727644235935e-09,9.337572040080487e-49,3.947380031654893e-10
"Bloomington city, Minnesota",27,6616,3,3,0.0,0.0007771899467520849,4.883582084944554e-05,0.9991666531965987,6.854504837033142e-06,8.535099814511874e-28,6.535087798927014e-47,4.6653096277893254e-07
"Duluth city, Minnesota",27,17000,7,4,0.0,7.23699578910213e-15,4.8480406427842265e-05,0.0,0.0002996966930983073,2.161080037165192e-15,3.7984578126028174e-10,0.9996518225206186
"Minneapolis city, Minnesota",27,43000,4,5,0.0,0.011716524218272921,2.543767518121692e-06,0.0,0.9882809246981861,7.333465404084928e-36,1.84504950704823e-40,7.316023038175642e-09
"Rochester city, Minnesota",27,54880,3,3,0.0,0.0004637334540100515,4.7540350717343875e-05,0.9990337258920379,0.0004549053284675578,2.8958396511282074e-19,8.806376708625904e-50,9.497476731992e-08
"St. Cloud city, Minnesota",27,56896,3,4,0.0,1.6147100998162607e-28,3.0986116512423624e-09,0.9998133860781637,3.5474546510049213e-07,5.0552591725299015e-08,1.5116564129527905e-19,0.00018620552516761127
"St. Paul city, Minnesota",27,58000,7,5,0.0,1.6384680190428832e-11,0.0003263725411803341,0.0,0.4553543838378317,7.867913907796635e-37,2.0898646972921676e-13,0.5443192436043944
"Gulfport city, Mississippi",28,29700,7,2,0.0,1.0506007373740602e-50,5.860581647868019e-13,0.0,1.137611218454724e-07,1.8308566351422298e-06,5.887365879509105e-09,0.9999980494942908
"Jackson city, Mississippi",28,36000,7,2,0.0,1.0825684883627177e-66,2.3900277635252416e-18,0.0,1.711705575437353e-09,1.8416747611381919e-10,7.45938078582526e-16,0.9999999981041263
"Columbia city, Missouri",29,15670,4,5,0.0,2.1982595923202936e-10,8.70977585414543e-10,0.0,0.9999999988988151,5.0257426527292626e-48,2.1040993846283908e-27,1.0381306101267948e-11
"Independence city, Missouri",29,35000,7,4,0.0,4.293866818176369e-17,0.00030919536522290363,0.0,0.001114755214667822,9.182075965346084e-06,9.626076499514005e-07,0.9985659047364936
"Kansas City city, Missouri",29,38000,7,4,0.0,4.122314293477325e-16,0.00017298186345129674,0.0,0.0024182203334662073,0.00017849692045596022,2.1171923443289787e-08,0.9972302797107023
"Lee's Summit city, Missouri",29,41348,3,3,0.0,0.000878158232816181,6.381190062783781e-07,0.999091910602395,2.9293045781921496e-05,9.753468730525819e-27,1.40068421749574e-46,7.445057612172957e-16
"O'Fallon city, Missouri",29,54074,3,3,0.0,0.00015506754451461685,2.739882360167789e-05,0.999817533631884,1.6092474036126725e-16,8.964430040770514e-50,6.7793952045883185e-78,8.415133665187185e-26
"St. Charles city, Missouri",29,64082,3,3,0.0,2.9082452734176e-07,9.251124696726047e-05,0.9998124597022128,7.151228707778058e-05,1.9621177359872583e-07,2.592942248535342e-23,2.3029727441277174e-05
"St. Joseph city, Missouri",29,64550,5,4,0.0,1.2350113740357038e-15,3.398726805435957e-11,0.0,1.6486163292227583e-05,0.9999128841014167,1.0176695876955658e-19,7.062970130274471e-05
"St. Louis city, Missouri",29,65000,5,2,0.0,1.276279513090133e-25,1.7019585443310043e-09,0.0,0.019055933071575257,0.9780654181651078,2.319519252780925e-22,0.002878647061358631
"Springfield city, Missouri",29,70000,4,4,0.0,1.7106365286591618e-16,0.00039378027568644247,0.0,0.9966756709789473,0.0003376877660000567,4.2573252524516395e-18,0.0025928609793652484
"Billings city, Montana",30,6550,7,4,0.0,6.861656645735428e-12,0.0020781833709536783,0.0,0.0006207889053759163,5.163497323235559e-11,2.398164803996267e-12,0.9973010276627756
"Missoula city, Montana",30,50200,4,3,0.0,6.763544041772354e-05,7.254724923624951e-06,0.0,0.9999251096212831,1.8624644844691255e-10,5.846746424580587e-28,2.7129710912296294e-11
"Lincoln city, Nebraska",31,28000,4,3,0.0,4.7792032974844185e-06,0.00011383639897117057,0.0,0.9088412176914329,2.1355171320431933e-15,7.233258359482395e-31,0.0910401667062958
"Omaha city, Nebraska",31,37000,7,4,0.0,5.526836633816285e-10,0.005479567714890036,0.0,0.04593021519962269,5.97277251768432e-28,8.542663940825546e-17,0.9485902165328032
"Enterprise CDP, Nevada",32,23770,2,3,0.0,1.39792949355914e-06,0.999802290631662,0.0,0.0001963114388443518,2.988290617640264e-73,1.9623998127117317e-65,1.4942838169101373e-22
"Henderson city, Nevada",32,31900,2,0,0.0,0.0004359204079143682,0.9095069995070539,0.0,0.0900570800838103,1.8127235485274121e-59,2.670428526276684e-23,1.221905285370436e-12
"Las Vegas city, Nevada",32,40000,4,4,0.0,4.117696385742442e-08,0.3897102704479471,0.0,0.6102868601529435,3.255056106966156e-38,1.3542349840922757e-07,2.6927986470975855e-06
"North Las Vegas city, Nevada",32,51800,2,0,0.0,1.9237746162589103e-16,0.9999999999999911,0.0,8.54934526228283e-15,1.3127804567535404e-39,1.414606815560836e-39,1.7693030648612493e-24
"Paradise CDP, Nevada",32,54600,5,2,0.0,1.0819667671080502e-25,4.792117636002362e-10,0.0,4.2929642079942495e-06,0.9974624116946131,2.6944969661959725e-06,0.0025306003650012424
"Reno city, Nevada",32,60600,2,5,0.0,0.00027258415665268554,0.7926670114005272,0.0,0.20252109576722618,7.062626173112437e-108,2.636115978875218e-27,0.004539308675593667
"Sparks city, Nevada",32,68400,2,0,0.0,4.715328223520062e-09,0.9999316448346883,0.0,6.834864399795057e-05,9.229709408185267e-18,3.527181501215488e-14,1.8059497030556021e-09
"Spring Valley CDP, Nevada",32,68585,4,0,0.0,2.474078242434703e-08,0.027770084594021003,0.0,0.9722298122546459,1.7449613202794265e-20,2.89636382222772e-10,7.81209147954892e-08
"Sunrise Manor CDP, Nevada",32,71400,6,7,0.0,2.6325176904116517e-44,0.0024966163273767617,0.0,4.4154411185230825e-13,2.7132936569508167e-18,0.9975033811142117,2.557969543744213e-09
"Manchester city, New Hampshire",33,45140,4,3,0.0,1.4101128543920497e-05,0.09626126219654485,0.0,0.9037236778681469,4.635401729674109e-36,2.200161800224142e-21,9.588067634416274e-07
"Nashua city, New Hampshire",33,50260,3,3,0.0,2.4692870706916746e-07,0.0001040687436034112,0.9998956787111692,5.580033754849072e-09,9.370853916630703e-78,6.689069352662318e-32,3.64863958298066e-11
"Bayonne city, New Jersey",34,3580,3,3,0.0,2.147293189804597e-17,8.367524178364442e-07,0.9999991620304665,1.2171159864771455e-09,1.6026235973121817e-89,1.0577826462474042e-17,3.092448466180863e-17
"Camden city, New Jersey",34,10000,6,7,0.0,3.088589147923482e-94,8.534294187632738e-20,0.0,1.6969428549928014e-40,1.9487500762644218e-258,1.0,4.091812196106961e-25
"Clifton city, New Jersey",34,13690,4,0,0.0,5.375076942037364e-10,0.0053980350081205474,0.0,0.9946018921201365,2.802502996951019e-26,3.737434597970958e-08,3.495988921187379e-08
"East Orange city, New Jersey",34,19390,3,4,0.0,2.0991098712022902e-26,7.204869857272706e-06,0.9999927612503349,1.618887844859543e-08,3.757550487293976e-42,1.4772090725795549e-08,2.91883875794344e-09
"Elizabeth city, New Jersey",34,21000,6,7,0.0,1.0714004013728416e-100,5.731748497042559e-15,0.0,6.135334135463036e-31,6.146576789387672e-73,0.9999999999999947,7.290164354547096e-25
"Jersey City city, New Jersey",34,36000,1,5,0.0,0.99999960901952,3.908045171195352e-07,0.0,1.7596218040271621e-10,2.347645524365833e-267,3.731833032275931e-27,7.385810579248716e-28
"Newark city, New Jersey",34,51000,6,7,0.0,1.711201585802683e-40,1.4864616422759566e-06,0.0,1.5076900924157105e-12,3.853909476365936e-128,0.9999985135352104,1.6394865245959668e-12
"Passaic city, New Jersey",34,56550,3,1,0.0,5.072826301458226e-53,0.0001545668566953612,0.9998454331432955,9.083894847402598e-15,1.157594628456596e-50,5.700640025941548e-19,3.0413592066611e-23
"Paterson city, New Jersey",34,57000,2,1,0.0,5.177477441901875e-38,0.9999989788144541,0.0,7.943282371714163e-07,3.1938265557494476e-51,2.2685730824408343e-07,5.940719106875564e-20
"Toms River CDP, New Jersey",34,73110,3,3,0.0,5.589296000655649e-09,5.400806168200506e-05,0.9999459863218475,2.717410226056038e-11,2.561027555728451e-26,1.5802709589267453e-113,2.2552162554069263e-17
"Trenton city, New Jersey",34,74000,3,1,0.0,9.172913311621127e-44,3.913049299737021e-06,0.9999960869497436,8.001798120427405e-21,2.1806013398390465e-101,9.44117400706172e-13,1.2520526477093713e-14
"Union City city, New Jersey",34,74630,3,1,0.0,1.6168294030097002e-43,7.93809916062074e-08,0.999999920618913,9.478012923300931e-14,1.9378804787035118e-89,8.302971384517026e-17,5.472282832552982e-18
"Albuquerque city, New Mexico",35,2000,7,4,0.0,2.408357370812171e-11,0.004065208116203703,0.0,0.12286384658674128,8.318256479142955e-09,2.0668965197802962e-07,0.8730707302650629
"Las Cruces city, New Mexico",35,39380,5,4,0.0,2.475147372918735e-21,6.168143396774297e-10,0.0,3.7055669012205033e-05,0.9966561492057734,4.491116123909411e-13,0.003306794507950511
"Rio Rancho city, New Mexico",35,63460,3,3,0.0,7.037912508658428e-10,0.00013995822865948347,0.9998600251495816,1.5917962005976352e-08,4.35268857244134e-26,4.7612081694322996e-57,5.493912917800423e-15
"Santa Fe city, New Mexico",35,70500,3,5,0.0,2.7034863520233026e-05,2.3517462636371243e-07,0.9999726572322276,7.272957310256787e-08,9.915424582562842e-19,1.0553297375760224e-41,5.2325537474387676e-14
"Albany city, New York",36,1000,3,5,0.0,1.897980661120299e-19,4.631358004628322e-09,0.9999712922207942,2.8405683991817094e-05,1.688966475724078e-09,1.3417363989078886e-13,2.957747552393345e-07
"Buffalo city, New York",36,11000,7,2,0.0,3.898147956268823e-28,1.4403622305888207e-07,0.0,0.000746978954530849,0.0003414518348246817,0.00037553135477244256,0.9985358938196494
"Cheektowaga CDP, New York",36,15000,3,4,0.0,2.4887787568950882e-18,3.4995635313911046e-06,0.9999532934584733,8.223609213956882e-09,5.8103774001857007e-11,1.3336100582400142e-21,4.319869628263742e-05
"Mount Vernon city, New York",36,49121,3,5,0.0,6.3959560352199756e-09,1.1472049529677148e-05,0.9999878476633277,6.737762806188809e-07,7.149715334990782e-98,2.6634797487615248e-15,1.1490323741947581e-10
"New Rochelle city, New York",36,50617,3,5,0.0,3.593789542112913e-12,9.574474431822514e-07,0.9999990059553208,3.659346103053077e-08,4.976051128502742e-202,1.8126832928400624e-13,3.955879985495923e-21
"New York city, New York",36,51000,6,5,0.0,7.468133954677921e-10,0.00014277911911998286,0.0,0.00016388893016656985,3.8689834274707265e-171,0.9996933312016961,2.2033947635717222e-12
"Rochester city, New York",36,63000,7,2,0.0,7.462655304886856e-62,9.699611947291082e-12,0.0,3.4673400142213183e-07,0.0001084102059594386,1.0233857482658954e-10,0.9998912429480012
"Schenectady city, New York",36,65508,3,5,0.0,1.2162455987261407e-20,3.3240464964521794e-07,0.9999995787971042,8.415270157979961e-08,6.845636976240105e-12,1.7776610649667154e-10,4.4609328218140625e-09
"Syracuse city, New York",36,73000,6,7,0.0,2.6946949404709786e-54,6.416479359201543e-13,0.0,4.919559906527099e-16,5.128887723362932e-47,0.9999999999971436,2.214367732248521e-12
"Yonkers city, New York",36,84000,2,1,0.0,6.817016283406289e-16,0.9998457714797058,0.0,0.00015320852547251644,1.847508186573424e-97,9.856750663187913e-07,3.431975511367789e-08
"Asheville city, North Carolina",37,2140,5,2,0.0,9.284367423936839e-94,2.8064961640082875e-48,0.0,2.523091028927955e-17,1.0,2.0814524834900512e-92,5.352329173872826e-38
"Charlotte city, North Carolina",37,12000,4,5,0.0,0.027627238203652447,0.004878629098706411,0.0,0.9674738384425676,9.731846390415642e-63,1.3005769405367877e-28,2.0294255073435514e-05
"Concord city, North Carolina",37,14100,3,3,0.0,3.1542377589801397e-06,0.0004741730695236176,0.9993056833685177,0.00017841737246431134,3.5924898560050765e-33,2.561771915503164e-53,3.8571951735294674e-05
"Durham city, North Carolina",37,19000,1,5,0.0,0.9386601860156578,0.00013730002773808915,0.0,0.06120251366036544,2.9598557826931884e-10,2.820874119464537e-50,2.535020995733372e-13
"Fayetteville city, North Carolina",37,22920,4,4,0.0,2.6440764225024105e-21,0.0016535169202507478,0.0,0.9575971179789343,7.741782666866074e-10,8.614684221241313e-08,0.04074927817979469
"Gastonia city, North Carolina",37,25580,6,7,0.0,4.9368493285704515e-67,7.40160159765658e-12,0.0,2.2121762188194913e-16,1.326839671602053e-07,0.9999609345072513,3.8932801380085534e-05
"Greensboro city, North Carolina",37,28000,4,4,0.0,4.551201300294645e-09,0.00477247139118648,0.0,0.9351841160846206,1.195929303162142e-07,1.3111981222864245e-09,0.06004328706886327
"Greenville city, North Carolina",37,28080,3,2,0.0,3.081801356670675e-38,4.556349742178505e-10,0.9999737822502651,7.988297143148911e-09,2.559067111536172e-05,5.083769238018116e-17,6.186346873108572e-07
"High Point city, North Carolina",37,31400,7,4,0.0,3.648360418871011e-27,4.309618693593026e-06,0.0,0.015182408404469676,2.3993750168902896e-07,1.3748075116319459e-11,0.9848130420255865
"Jacksonville city, North Carolina",37,34200,4,4,0.0,4.1021441707452487e-07,9.015463434261572e-06,0.0,0.9999905412890636,5.45119861350617e-15,4.234313553845506e-12,3.3028845986176616e-08
"Raleigh city, North Carolina",37,55000,4,5,0.0,0.02023353300392666,0.00016406860651923535,0.0,0.9796020824366585,1.522303808237757e-33,1.2556047590035816e-25,3.159528955690256e-07
"Wilmington city, North Carolina",37,74440,4,5,0.0,0.0003422517095466091,0.01681626368893104,0.0,0.9828145662846657,7.883805900242952e-09,2.209794158969424e-07,2.6689453634756845e-05
"Winston-Salem city, North Carolina",37,75000,5,5,0.0,5.140079624869244e-09,9.329146628937645e-05,0.0,0.005384458492405192,0.9945187533685462,4.482907646758806e-09,3.487049772668553e-06
"Bismarck city, North Dakota",38,7200,3,3,0.0,6.229793435001021e-10,3.4488252543313745e-08,0.9999884929032176,3.820036194156545e-06,4.306453499341252e-25,1.0010245429787142e-44,7.651949356739867e-06
"Fargo city, North Dakota",38,25700,3,3,0.0,6.681992987451337e-13,8.539011677577979e-10,0.9999980915532681,4.294915968060405e-08,1.6387849481818127e-19,1.882972034644261e-30,1.8646430027017272e-06
"Akron city, Ohio",39,1000,6,7,0.0,1.8387404114903728e-46,2.5692298360949276e-05,0.0,4.981837745569273e-10,7.983416080105498e-07,0.9997551075621763,0.0002184012996701433
"Canton city, Ohio",39,12000,5,2,0.0,7.735789689504197e-104,1.92253211037547e-21,0.04066608420993259,3.171939851313288e-17,0.9593335910125089,1.4054819078913655e-09,3.233720759027123e-07
"Cincinnati city, Ohio",39,15000,7,2,0.0,3.440505712391423e-34,9.005712102125851e-09,0.0,7.418561539980582e-05,1.476879258201123e-13,3.750608010227884e-12,0.9999258053749891
"Cleveland city, Ohio",39,16000,7,2,0.0,1.5636144572928254e-48,6.9218877238202145e-16,0.0,7.127335740518438e-07,4.564537183071766e-12,4.906474244448063e-06,0.9999943807876162
"Columbus city, Ohio",39,18000,4,4,0.0,3.861952367234244e-11,0.0035422707534081494,0.0,0.8417725588273445,2.2268804564683225e-06,1.9140218300243576e-13,0.15468294349997957
"Dayton city, Ohio",39,21000,7,2,0.0,1.3598586637571803e-44,3.126615102467315e-17,0.0,3.2329409148199613e-06,0.031633619019091785,1.1898375618790383e-08,0.9683631361416181
"Lorain city, Ohio",39,44856,3,4,0.0,3.9016194410047364e-28,2.5910858581491515e-07,0.9999627003810742,2.699769629285106e-07,5.7603322210447804e-08,1.4291637571647194e-07,3.657001367881584e-05
"Parma city, Ohio",39,61000,3,3,0.0,2.8780647917149476e-07,4.554451375825138e-05,0.9986157458171276,8.34826602004214e-06,2.1583934076785355e-08,1.4332389313014042e-26,0.0013300520126811378
"Toledo city, Ohio",39,77000,6,7,0.0,8.396747463681508e-58,9.346264248666816e-07,0.0,9.121821859538884e-07,3.6920518254953536e-06,0.9590742103512763,0.040920250788287385
"Broken Arrow city, Oklahoma",40,9050,2,3,0.0,0.004243844896539355,0.644896692414676,0.0,0.350105886208671,5.755988164303601e-34,2.951686221722292e-47,0.0007535764801143081
"Edmond city, Oklahoma",40,23200,3,3,0.0,0.0036591621826603756,5.5154847701646855e-09,0.996337050423488,3.781878366319789e-06,5.958337532513302e-51,7.606531910686939e-31,9.501943317830511e-31
"Lawton city, Oklahoma",40,41850,5,2,0.0,1.1562522216955857e-43,1.0275999793160352e-11,0.0,1.871932816689244e-05,0.997621556728447,0.0012676701359555563,0.0010920537971550756
"Norman city, Oklahoma",40,52500,4,4,0.0,3.9359445973224276e-15,2.2489098609475556e-07,0.0,0.9999992197074821,8.013686820296362e-15,2.7860673160118895e-16,5.554015194680398e-07
"Oklahoma City city, Oklahoma",40,55000,7,4,0.0,1.5601339454598602e-13,0.0004003596854415304,0.0,0.010914950144179055,3.737437118732705e-24,1.4426479024629051e-12,0.9886846901687804
"Tulsa city, Oklahoma",40,75000,7,4,0.0,1.1053383588972788e-16,0.00018531979613333282,0.0,0.030732444704717015,6.451808084279939e-20,6.553013075770871e-07,0.9690815801978423
"Beaverton city, Oregon",41,5350,3,3,0.0,2.990018984532357e-06,2.5343593971000854e-05,0.9999515298462711,2.013654077310829e-05,3.4223761379960454e-53,8.670462868713555e-36,1.1793168471168782e-16
"Eugene city, Oregon",41,23850,4,5,0.0,1.2764738424012334e-17,5.23474878049585e-07,0.0,0.9994928554084008,2.861113729054645e-20,0.000506538954835998,8.216188591673709e-08
"Gresham city, Oregon",41,31250,3,4,0.0,1.779647879379797e-18,0.00023559762326220076,0.9997617256683244,2.6059669247573148e-06,2.3806964035070993e-18,1.860273783865953e-15,7.074148680312976e-08
"Hillsboro city, Oregon",41,34100,2,3,0.0,1.3504906353405935e-07,0.9977049260653051,0.0,0.002294938885631743,1.085877347995376e-99,7.879175247565307e-41,2.1636492463879303e-18
"Medford city, Oregon",41,47000,3,4,0.0,2.1748124606709982e-16,0.0001892161512210737,0.9995279219435295,1.8860399796613518e-05,1.6986495856596793e-14,9.680911083946996e-09,0.00026399182452449717
"Portland city, Oregon",41,59000,4,5,0.0,0.17247959529148102,0.0007275819283653978,0.0,0.8267928187134017,1.0101807688753705e-45,5.355619836532447e-19,4.066751540077468e-09
"Salem city, Oregon",41,64900,2,4,0.0,1.985705003590322e-09,0.5800636244932258,0.0,0.4169064459842883,4.600593208376542e-31,2.2980449106916134e-15,0.003029927536779076
"Allentown city, Pennsylvania",42,2000,6,7,0.0,1.654770051730847e-53,9.7958330772977e-07,0.0,2.70655157816262e-20,1.1139447172571635e-07,0.9999989090222208,6.452620489301578e-17
"Bethlehem city, Pennsylvania",42,6088,3,4,0.0,1.4965386115533313e-13,0.00017626452811249498,0.9997801500623593,4.1753333108108795e-06,2.6123689202530257e-32,7.718920308458623e-13,3.941007529601833e-05
"Erie city, Pennsylvania",42,24000,7,2,0.0,7.210786943989706e-32,9.552717996608821e-08,0.0,0.0015475791497693207,2.4455016371751105e-08,4.288733529556879e-06,0.9984480121345048
"Philadelphia city, Pennsylvania",42,60000,4,5,0.0,1.179683257338546e-08,0.0009952954665009553,0.0,0.9988552800833759,1.0170825310670737e-10,0.00013575030868130162,1.3662242901851255e-05
"Pittsburgh city, Pennsylvania",42,61000,4,5,0.0,5.0218583838394426e-21,7.433405108999932e-10,0.0,0.999987189604607,1.2483991373226653e-08,6.393550054544606e-17,1.2797168060753195e-05
"Reading city, Pennsylvania",42,63624,6,7,0.0,2.515610383150009e-102,1.004872920434252e-20,0.0,8.399741319634782e-43,2.34349361323144e-146,1.0,1.4716928691148587e-33
"Scranton city, Pennsylvania",42,69000,7,2,0.0,1.107538280514247e-47,9.92103541933075e-19,0.0,4.5093546362110564e-07,8.03197846936574e-24,2.436146569541988e-08,0.9999995247030703
"Cranston city, Rhode Island",44,19180,3,3,0.0,1.1056762382024845e-09,4.551704631038806e-06,0.9999954138302978,3.7710207050583396e-10,2.7760499303205062e-109,1.4940920255921744e-49,3.2982292432917875e-08
"Pawtucket city, Rhode Island",44,54640,3,4,0.0,3.0964644783534637e-15,7.4434411525662745e-06,0.99996263001933,2.2146829911857704e-08,1.0124384797399719e-34,1.9293142776836106e-29,2.9904392684182426e-05
"Providence city, Rhode Island",44,59000,6,7,0.0,3.488256534648687e-51,6.879679121447117e-11,0.0,8.095087170284266e-20,9.835704782759989e-118,0.9999999999311804,2.2663289001526735e-14
"Warwick city, Rhode Island",44,74300,3,3,0.0,2.0965461048565235e-05,0.00044817062006628777,0.9995308573338166,6.2135311937664915e-09,8.798612151711738e-45,1.0544141696234785e-35,3.715374753477519e-10
"Columbia city, South Carolina",45,16000,4,5,0.0,9.056935088608926e-16,8.547780731832802e-12,0.0,0.9993387716663689,1.604232938004987e-20,6.027030977356614e-09,0.000661222298050628
"Greenville city, South Carolina",45,30850,3,5,0.0,2.465582939661207e-24,4.767395678968285e-12,0.9999160411469767,8.395884802292651e-05,3.994928738616267e-70,1.0569927032817414e-19,2.325506362996999e-13
"North Charleston city, South Carolina",45,50875,4,4,0.0,5.335177480739499e-14,7.93033758000968e-07,0.0,0.9999941243279454,1.3449115109422468e-16,9.182090768607463e-30,5.082638243607218e-06
"Rock Hill city, South Carolina",45,61405,3,3,0.0,3.8753806402521176e-08,1.9150657925692825e-06,0.9998755425836339,0.0001097325907316767,2.50885950638248e-10,2.9444132237108418e-40,1.2770755149717029e-05
"Rapid City city, South Dakota",46,52980,3,3,0.0,3.0167377030768974e-07,5.7870059117453466e-05,0.9994921846509871,0.00019901063957546703,3.673972990864445e-07,2.873565431284548e-26,0.0002502655792503845
"Sioux Falls city, South Dakota",46,59020,7,3,0.0,4.62174447151214e-06,0.0012350316639699868,0.0,0.00018450249499469965,1.4739996152498687e-32,3.3086137747152124e-41,0.9985758440965633
"Chattanooga city, Tennessee",47,14000,6,2,0.0,3.1015550975702e-34,4.6114805962915153e-05,0.0,0.0021907726289313143,9.658499642580338e-25,0.988149475135179,0.009613637429925943
"Clarksville city, Tennessee",47,15160,7,3,0.0,8.526176820509033e-16,0.0004287326661016074,0.0,0.017146623262589412,1.7442974486188421e-16,8.250065996561185e-24,0.9824246440713077
"Jackson city, Tennessee",47,37640,3,4,0.0,4.639504812228573e-34,5.473140762298296e-08,0.999988572149372,2.4829926664176015e-08,3.926170099550295e-09,4.612911544126813e-09,1.1339750212326109e-05
"Johnson City city, Tennessee",47,38320,3,4,0.0,6.001192361839424e-11,3.078066422067823e-07,0.9999733673186165,1.8180559865195497e-05,2.86422257121391e-06,2.0114239671348698e-26,5.28003229313715e-06
"Knoxville city, Tennessee",47,40000,4,5,0.0,7.420033600579185e-09,1.8934221788970747e-07,0.0,0.9954850223914445,1.0350458865586365e-13,1.6088074724061846e-15,0.004514780846199151
"Memphis city, Tennessee",47,48000,7,2,0.0,5.334959492170668e-45,8.929391030726888e-10,0.0,2.7908782256402955e-05,3.5989945756339407e-12,9.234208152132931e-07,0.99997116690039
"Murfreesboro city, Tennessee",47,51560,3,3,0.0,3.557008846440622e-09,2.7988953583267103e-07,0.9983019986052748,0.0016976991377465156,3.189109400203158e-16,3.692062593684382e-40,1.881043336721265e-08
"Nashville-Davidson metropolitan government (balance), Tennessee",47,52006,4,5,0.0,7.985401380318746e-06,7.232459471471735e-05,0.0,0.9999184204762556,1.808439083759622e-18,3.247260883980715e-46,1.2695276490311508e-06
"Abilene city, Texas",48,1000,7,4,0.0,2.0536502182459774e-22,1.2358085148001643e-06,0.0,0.0015022710674176827,0.0009209648657215739,2.5450743705621766e-06,0.997572983183975
"Amarillo city, Texas",48,3000,7,4,0.0,1.6301554275320613e-10,0.00027558115856740866,0.0,0.0031403580422424684,5.838122576920768e-29,5.42512472830849e-16,0.9965840606361736
"Arlington city, Texas",48,4000,2,4,0.0,5.537970164944544e-11,0.9995592883045645,0.0,3.309465399772773e-05,2.3258764387240596e-14,1.6955037885529838e-14,0.00040761698601702483
"Austin city, Texas",48,5000,4,5,0.0,0.42692365793131964,6.868662331631127e-05,0.0,0.5730076554305836,4.539875986260225e-73,2.0262817128120795e-41,1.4780229580916184e-11
"Baytown city, Texas",48,6128,3,4,0.0,1.5523457965066447e-21,4.1859575064730326e-07,0.9999929970154489,1.2529746990609757e-06,1.1903188478598696e-16,8.557247125984713e-07,4.475689389160961e-06
"Beaumont city, Texas",48,7000,3,2,0.0,1.107009124431069e-52,3.136253075048491e-15,0.904266158880871,4.717673607928008e-10,0.0937720356326368,1.718251015680396e-09,0.001961803296470261
"Brownsville city, Texas",48,10768,7,4,0.0,4.999056847547645e-40,5.206389707322726e-07,0.0,6.8131977611292155e-16,4.778252277865224e-114,2.411477182967403e-26,0.9999994793610286
"Bryan city, Texas",48,10912,3,4,0.0,4.937378612078864e-40,6.86120902732248e-08,0.9232799964393862,7.759080535467517e-09,4.563319079874998e-05,4.793858350051617e-12,0.07667429399385045
"Carrollton city, Texas",48,13024,3,3,0.0,1.1120411402076536e-12,3.430450036314439e-08,0.9999969517064553,3.013987776336183e-06,4.38688106395791e-50,2.8197395509403445e-46,1.5580185952503876e-13
"Cedar Park city, Texas",48,13552,3,6,0.0,0.0005748074256269359,1.6914446586231732e-06,0.9994235008808211,2.4889304719820035e-10,4.764358805695178e-252,7.254740955345567e-103,5.878335841766467e-31
"College Station city, Texas",48,15976,5,2,0.0,8.008928470009381e-45,3.085539743406587e-21,0.0,3.1274150727307855e-07,0.9999996872584935,8.575221614994226e-32,9.653755528537368e-19
"Conroe city, Texas",48,16432,3,4,0.0,1.076146618136092e-10,0.0004031103100746229,0.9994387625410026,7.762307902626306e-05,1.144104994961893e-42,4.356961273634506e-19,8.050396228167451e-05
"Corpus Christi city, Texas",48,17000,7,4,0.0,3.4394772138556276e-15,6.9525198260252565e-06,0.0,0.006195506956546654,8.834148409134655e-23,1.0301007422563634e-16,0.9937975405236233
"Dallas city, Texas",48,19000,4,5,0.0,3.706863324745599e-09,0.015613275619505047,0.0,0.9833523723293214,1.2506974343792363e-84,1.1568609849196932e-17,0.0010343483443103901
"Denton city, Texas",48,19972,4,5,0.0,0.0003250022131899212,0.01774140266618101,0.0,0.9819254835281929,1.3401024734166376e-08,7.124170991891727e-14,8.098191340600236e-06
"Edinburg city, Texas",48,22660,3,4,0.0,2.996772699051894e-31,9.236461937317837e-08,0.9975031674050499,1.0314108860895575e-09,8.055797425275512e-39,7.56056725983148e-23,0.002496739198919752
"El Paso city, Texas",48,24000,7,4,0.0,1.3832754668843875e-17,0.00046166838629654573,0.0,1.967612577441156e-06,1.7335891419072618e-27,8.435723061679133e-10,0.9995363631575538
"Fort Worth city, Texas",48,27000,2,4,0.0,9.18995261710047e-06,0.9156576919626884,0.0,0.08177720040658341,1.561876528494512e-45,4.0846153257958435e-11,0.002555917637264476
"Frisco city, Texas",48,27684,1,6,0.0,0.9999997534383651,2.0447580765606066e-07,0.0,4.208582642770356e-08,9.060142837674046e-304,5.319198112483882e-112,1.2637253458010922e-60
"Garland city, Texas",48,29000,2,1,0.0,1.977465432694204e-21,0.9999998972736943,0.0,3.7756435553102654e-15,5.945418555191115e-29,3.032001401151845e-19,1.0272630264687946e-07
"Grand Prairie city, Texas",48,30464,2,0,0.0,2.3476459486896187e-11,0.999999707946543,0.0,9.82338485044834e-12,1.1704706541766876e-67,1.4402291170981801e-50,2.92020157550921e-07
"Harlingen city, Texas",48,32372,5,2,0.0,9.383358172641238e-236,4.8583914770985993e-48,1.20292638971918e-09,4.607217233087916e-36,0.9999999987970689,8.410934364532295e-44,4.697175274657392e-15
"Houston city, Texas",48,35000,7,2,0.0,1.541849592600447e-23,5.55790457131668e-05,0.0,0.027993666473103227,1.369177694129924e-54,1.650772655446545e-06,0.9719491037085285
"Irving city, Texas",48,37000,4,5,0.0,5.1229960377032486e-15,0.012279480159273702,0.0,0.9877204929041239,1.2942487412431017e-56,1.608342938903479e-38,2.693659783097828e-08
"Killeen city, Texas",48,39148,6,4,0.0,2.052329364859353e-63,1.1804495927466564e-08,0.0,1.479685052085079e-09,4.2326304266177443e-13,0.9998380644207419,0.000161922294653245
"Laredo city, Texas",48,41464,7,4,0.0,4.8002301836670796e-54,3.203585586882726e-07,0.0,1.986499123933239e-24,2.4881968409902354e-27,6.637665085776768e-10,0.9999996789776748
"League City city, Texas",48,41980,1,3,0.0,0.9958734850126831,0.00412651487188396,0.0,1.1543348251056414e-10,4.223327980362842e-131,7.373311103536574e-85,1.6191623914219932e-39
"Lewisville city, Texas",48,42508,3,3,0.0,9.141594984543584e-06,6.518130695085487e-05,0.9986005052529063,0.0013251712542544224,2.582719799146177e-41,3.027625562677354e-24,5.909039290042862e-10
"Longview city, Texas",48,43888,3,4,0.0,1.6477874051844197e-23,2.3039153647707327e-05,0.9990199208107519,5.860033449095877e-06,0.0005007575567434531,3.0219386777522677e-07,0.0004501202515401749
"Lubbock city, Texas",48,45000,7,4,0.0,3.659878809420986e-10,0.005151699954146217,0.0,0.0033127707509930026,0.014180382159558937,4.602521552919986e-05,0.977309121553785
"McAllen city, Texas",48,45384,7,7,0.0,1.2161177812645712e-43,7.016355300054105e-11,0.0,1.8114263992238254e-17,7.869055390946866e-32,6.111406718015403e-06,0.9999938885231184
"McKinney city, Texas",48,45744,1,6,0.0,0.9988833928265918,0.0010058500717909872,0.0,0.00011075710161689281,3.678284110749947e-200,1.1103495307044494e-75,2.928543117434048e-31
"Mesquite city, Texas",48,47892,2,1,0.0,6.507948679019128e-08,0.9986558205948867,0.0,1.1804121546452968e-06,0.0013426081689786006,3.257444930945887e-07,1.0810257142003014e-15
"Midland city, Texas",48,48072,3,4,0.0,2.3093441338986974e-35,9.873591037555807e-12,0.6464783093008959,1.3352752987456146e-08,1.9438608747306448e-08,0.3535216563249011,1.57296700705357e-09
"Mission city, Texas",48,48768,3,2,0.0,3.6184115622651374e-34,5.066931548316563e-16,0.9999836612089319,5.611641803531962e-25,2.7038378069856947e-29,9.304393820159534e-13,1.633879013702135e-05
"Missouri City city, Texas",48,48804,3,0,0.0,7.653410289488791e-10,9.785198034451444e-07,0.9999990207148554,5.991192082267696e-16,7.486530998055336e-32,6.278180493540009e-106,3.9339226293093513e-28
"New Braunfels city, Texas",48,50820,3,3,0.0,4.393446504160363e-06,0.00020812825197648118,0.9997365214820241,5.0956644327163535e-05,1.5180377564938187e-13,5.177486926439796e-25,1.7501638628426282e-10
"North Richland Hills city, Texas",48,52356,3,3,0.0,8.639372269752637e-08,1.5484149354464102e-05,0.9999844269164454,2.540432925080417e-09,8.578249848833801e-86,1.6937226861776825e-51,4.45236662732261e-14
"Odessa city, Texas",48,53388,3,4,0.0,8.032922624843454e-18,3.4007808924467065e-05,0.9999659896495985,2.438296637988927e-09,7.871858996147632e-86,1.0314131667870392e-10,3.9129794843291126e-14
"Pasadena city, Texas",48,56000,6,7,0.0,1.7131377951904165e-56,9.6766297565723e-06,0.0,1.5168273453058218e-17,1.2519869848481102e-82,0.9999829112294663,7.412140776878253e-06
"Pearland city, Texas",48,56348,3,3,0.0,7.295235775446768e-05,2.284668180712038e-05,0.9999042009545009,5.938178597747934e-12,1.727389932088808e-197,6.298591077355156e-135,2.4894126524927035e-51
"Pharr city, Texas",48,57200,7,4,0.0,3.1701235391720783e-117,1.657534790546678e-14,0.07284066227633613,7.891313657756534e-36,1.9033263143612175e-45,2.352440253230771e-27,0.9271593377236474
"Plano city, Texas",48,58016,1,6,0.0,0.8904791195856258,6.623954062054123e-05,0.0,0.10945464087375341,1.88358072599155e-145,2.975182211253888e-51,4.217518781579181e-26
"Round Rock city, Texas",48,63500,4,3,0.0,0.0002185275704663477,0.13783736234956812,0.0,0.8619441100794197,6.2745253410900346e-65,9.869924646241395e-51,5.466303726736559e-13
"San Angelo city, Texas",48,64472,7,4,0.0,4.99657495220427e-16,7.962068464741487e-05,0.0,0.03130928547282167,1.2872497678580166e-22,4.608116117118578e-16,0.96861109384253
"San Antonio city, Texas",48,65000,7,4,0.0,3.691131933847735e-14,0.014084940669533216,0.0,0.10817737815365203,4.125837321916469e-26,0.0002499939070582751,0.8774876872697199
"Sugar Land city, Texas",48,70808,3,0,0.0,0.00020517966925612314,1.3484972052710803e-08,0.9997946270585327,1.7978723831319253e-07,1.8321559801326245e-171,1.6586278414665405e-61,1.0475139390980535e-55
"Temple city, Texas",48,72176,3,4,0.0,2.9260877452504345e-29,3.958766857891535e-08,0.9924981820645082,6.974346685225046e-05,5.531562039582829e-07,3.090002322241495e-06,0.007428391722445114
"The Woodlands CDP, Texas",48,72656,3,6,0.0,9.493472796417128e-09,2.757334339364839e-12,0.9999999905037136,5.638717458330984e-14,0.0,1.7217230755107624e-68,5.859300895214984e-61
"Tyler city, Texas",48,74144,3,4,0.0,1.1273059961468263e-17,3.570677697686721e-06,0.999865278441563,1.3571943118678461e-05,5.7484979174212e-06,6.617311130410146e-06,0.00010521312857266122
"Victoria city, Texas",48,75428,3,4,0.0,1.022032752251212e-16,8.168440051255836e-13,0.9999925384503083,4.534418381594271e-11,4.0976022881609124e-23,3.224926089539858e-21,7.4615035305564654e-06
"Waco city, Texas",48,76000,7,2,0.0,9.14500058050579e-27,0.00012241071122510275,0.0,0.0024813351669919575,4.197789012452154e-31,0.030364410250435563,0.9670318438713482
"Wichita Falls city, Texas",48,79000,7,4,0.0,1.6324297482444407e-21,7.94395584717484e-06,0.0,0.007743525565103978,2.0259039257916414e-18,2.7670381250324524e-14,0.9922485304790214
"Ogden city, Utah",49,55980,2,4,0.0,6.0584325614922e-10,0.9491128175212729,0.0,0.01358297655359782,1.1601191053197817e-34,5.653808422803114e-35,0.03730420531928565
"Orem city, Utah",49,57300,2,3,0.0,5.488443177304346e-05,0.6744143098285396,0.0,0.006720625811173846,4.51722239877625e-104,3.3916637119993656e-36,0.3188101799285129
"Provo city, Utah",49,62470,4,5,0.0,1.0052190675799259e-33,7.573026004271638e-17,0.0,0.9999899034651967,1.1325790065573947e-35,9.1149106391467e-17,1.0096534802823518e-05
"St. George city, Utah",49,65330,3,3,0.0,2.790876864772046e-10,3.617029284952619e-08,0.9999998574951755,1.0603656126229468e-07,8.590143782222124e-20,4.435059228830033e-58,1.8882874106143986e-11
"Salt Lake City city, Utah",49,67000,4,5,0.0,0.013108377703754113,0.00020830544789720746,0.0,0.9866645012525649,3.035605702925206e-23,1.4335218042882735e-27,1.8815595783674313e-05
"West Jordan city, Utah",49,82950,2,3,0.0,0.004878182610944662,0.9951216140699478,0.0,2.033191084448723e-07,3.6695709428152694e-98,1.0523384981134763e-95,9.92374723300091e-25
"West Valley City city, Utah",49,83470,2,3,0.0,7.209904098275924e-09,0.9999999832744849,0.0,6.241752495183766e-09,5.164003671731617e-103,4.251078772375034e-81,3.2738587527053473e-09
"Alexandria city, Virginia",51,1000,3,6,0.0,2.238259324596863e-05,2.0627004895828604e-08,0.9999680642996372,9.53248011156617e-06,4.478681285305296e-204,3.0585012822347757e-88,6.472009007735943e-36
"Arlington CDP, Virginia",51,3000,3,6,0.0,0.0010991641305207426,2.931876185401705e-09,0.9989005795787059,2.533588972182169e-07,0.0,1.1486022097647211e-85,9.468121844214543e-62
"Chesapeake city, Virginia",51,16000,2,0,0.0,2.8829198917706283e-06,0.9914824205514998,0.0,0.008514696528329346,2.906413638810189e-20,1.6824570769907286e-22,2.785566078157913e-13
"Hampton city, Virginia",51,35000,4,4,0.0,7.0597581815074e-14,0.188468698296105,0.0,0.8099489904309408,2.5100812200717818e-06,1.3097169527739126e-06,0.0015784914747109533
"Lynchburg city, Virginia",51,47672,5,5,0.0,1.0627572518643953e-08,5.813279208378204e-09,0.0,0.06637762182878267,0.9335293857767226,1.1838909490446558e-11,9.297594180390428e-05
"Newport News city, Virginia",51,56000,4,4,0.0,4.603128760210019e-12,0.000544349204455722,0.0,0.9676667723916742,3.4365453600662823e-10,1.7378803521626144e-05,0.03177149925209042
"Norfolk city, Virginia",51,57000,4,5,0.0,2.2479273656158215e-06,0.004013491847753076,0.0,0.9786930135009307,1.6169507364700919e-10,4.6760731260714594e-07,0.017290778954943103
"Portsmouth city, Virginia",51,64000,7,4,0.0,1.830599090298187e-12,0.016181055798775035,0.0,0.0025775228765080103,0.0017224052979851745,1.61560684562443e-26,0.9795190160249007
"Richmond city, Virginia",51,67000,4,5,0.0,4.173961426225919e-07,7.623967320335931e-05,0.0,0.9999070005251713,9.530264733213977e-22,8.32783423985408e-21,1.6342405482686233e-05
"Roanoke city, Virginia",51,68000,3,4,0.0,3.407944852535425e-39,1.6405559033683072e-11,0.9637389624993393,2.2492830640775537e-05,0.03623038848144454,2.3451191215133405e-06,5.811053048089034e-06
"Suffolk city, Virginia",51,76432,2,0,0.0,0.022897065127413983,0.9750940279787439,0.0,0.0020089063250629514,1.2651072901688823e-30,1.6541459266078372e-37,5.687794607048992e-10
"Virginia Beach city, Virginia",51,82000,2,3,0.0,0.02681896014449416,0.691507822536071,0.0,0.2816727488434894,3.532534742445139e-26,2.2419773698456077e-27,4.684759455272802e-07
"Auburn city, Washington",53,3180,3,0,0.0,3.464050912604272e-17,0.0012986579258116365,0.9987013167567881,2.5317399965778168e-08,2.7885161465967127e-71,3.132949923035457e-20,1.2720347180064672e-21
"Bellevue city, Washington",53,5210,1,6,0.0,0.9999999999993765,6.009149678194567e-13,0.0,2.2471513211929085e-14,0.0,8.41589504895862e-96,2.856421772407172e-111
"Bellingham city, Washington",53,5280,4,5,0.0,1.692778345061321e-09,2.5804376298549893e-08,0.0,0.9999999725027319,5.053797719222685e-15,3.389231308643907e-22,1.0768085292630697e-13
"Everett city, Washington",53,22640,2,4,0.0,5.484545259616317e-16,0.9998415490756118,0.0,0.00015845088632170595,3.952451330622185e-79,7.725981630395237e-12,3.034014596142639e-11
"Federal Way city, Washington",53,23515,3,0,0.0,5.216155545950783e-09,0.0023034563335730092,0.9976944674513049,2.0709989660352552e-06,1.023301814424859e-66,2.268687728990763e-18,4.0570193725826325e-16
"Kennewick city, Washington",53,35275,3,4,0.0,7.37088927966952e-33,3.111554685156989e-06,0.9999966403793827,9.205340108489823e-08,6.848714645165481e-21,1.4164286357815036e-09,1.5459610219730398e-07
"Kent city, Washington",53,35415,2,0,0.0,1.3441213165187235e-05,0.9920335206357966,0.0,0.007953038151038334,6.84381175388905e-60,1.994957654146626e-20,7.578496826042301e-17
"Marysville city, Washington",53,43955,3,0,0.0,9.35879842606504e-10,6.207354909988581e-05,0.999937925514959,6.111037542015395e-14,9.752097633672105e-86,5.383656564028714e-65,8.461451319838411e-29
"Pasco city, Washington",53,53545,3,4,0.0,8.26777857785176e-31,1.6394354667909105e-06,0.999998360423571,5.3192366779653255e-18,1.4237468180412793e-129,1.688299822263384e-32,1.4096208688155062e-10
"Redmond city, Washington",53,57535,3,6,0.0,0.024217138069629537,1.3802479860513562e-08,0.9757828481264353,1.4550892896766165e-12,0.0,1.2785274388328496e-87,6.384965685135311e-83
"Renton city, Washington",53,57745,3,3,0.0,0.0004216463584376551,2.9669752261822472e-05,0.9995486716909471,1.2198353466363256e-08,1.51566866548447e-142,3.553588374532965e-55,3.9249011614543815e-21
"Seattle city, Washington",53,63000,1,6,0.0,0.9996526649624039,7.836609731779803e-06,0.0,0.000339498427863634,2.1630162778561544e-228,1.4818802875793247e-54,2.623679300037487e-33
"Shoreline city, Washington",53,63960,3,3,0.0,5.438458375490362e-07,2.0247995322340648e-05,0.999978443868513,7.64290327217287e-07,2.8420950701984975e-100,8.434976222566597e-36,2.0341080043543312e-19
"Spokane city, Washington",53,67000,4,4,0.0,8.535206663274412e-11,0.10629788842499213,0.0,0.8729451765560811,3.640772268298698e-24,4.548878986192842e-15,0.02075693493356951
"Spokane Valley city, Washington",53,67167,3,0,0.0,9.071101388416573e-15,8.138938223452512e-05,0.9999185378722196,4.6176647926221535e-08,1.2650392252180022e-08,1.3945441805762507e-21,1.3918496944304583e-08
"Tacoma city, Washington",53,70000,4,0,0.0,4.828862955255781e-07,0.11142080518295991,0.0,0.8885786233305876,9.660022188470577e-61,7.018009070174338e-21,8.860015766815716e-08
"Vancouver city, Washington",53,74060,2,3,0.0,4.849798214988132e-06,0.998806684759505,0.0,0.0005409763673910508,6.562755136747483e-49,2.7206448639714887e-32,0.0006474890748881929
"Yakima city, Washington",53,80010,3,4,0.0,3.371346355651661e-36,2.38830430499993e-10,0.9999985551046768,2.1826140507187338e-15,2.801312426740218e-86,8.301202243390454e-22,1.4446564904978792e-06
"Green Bay city, Wisconsin",55,31000,7,4,0.0,8.281553758054234e-07,0.02950151187154829,0.0,0.0015109022874715584,1.5360857906812958e-12,9.830121371325031e-22,0.9689867576840681
"Janesville city, Wisconsin",55,37825,3,3,0.0,5.57048288005546e-10,4.976794112240927e-06,0.9987066197926789,2.6300145697233315e-07,2.0119599891456424e-05,1.038384824630035e-28,0.001268020254812523
"Kenosha city, Wisconsin",55,39225,4,3,0.0,1.3142244783471312e-10,0.0020588803685389957,0.0,0.702169507647495,7.612608440468472e-30,1.2849521166361428e-33,0.29577161185254414
"Madison city, Wisconsin",55,48000,4,5,0.0,0.0001422831338953519,2.247529086205416e-08,0.0,0.9998576943891417,3.086065513366652e-13,5.654168983656117e-45,1.3638979754321103e-12
"Milwaukee city, Wisconsin",55,53000,7,4,0.0,1.3543541283459157e-32,0.0004534580887078925,0.0,0.00034910583821725006,1.8358148175884085e-09,0.00014418664281896812,0.9990532475944407
"Oshkosh city, Wisconsin",55,60500,7,4,0.0,3.008025409042193e-26,3.444481901660134e-06,0.0,0.0010542960500666847,0.0009898552105579953,9.009509287056724e-13,0.9979524042565735
"Racine city, Wisconsin",55,66000,3,4,0.0,1.549082545297466e-37,6.830969104139265e-09,0.9999991280052081,1.9415639933721046e-09,2.0422205204634188e-18,9.457468569098772e-10,8.622765117189927e-07
"Waukesha city, Wisconsin",55,84250,3,3,0.0,6.084877970696703e-10,9.85685254407239e-08,0.9999930388823329,6.360230277697452e-06,6.97984936660305e-23,1.0267742581386538e-37,5.017103762067111e-07
"Cheyenne city, Wyoming",56,13900,3,3,0.0,2.958600925335682e-14,1.5756783109538477e-07,0.9993624710694331,2.83566548086551e-06,1.7284036219692864e-12,6.916212550602762e-28,0.0006345356954969025
"Bayamón zona urbana, Puerto Rico",72,6593,0,2,1.0,5.702953414939768e-100,7.456221146129687e-58,0.0,3.620800425353439e-46,8.280732793238771e-61,6.080777626967837e-102,7.61827126969771e-42
"Caguas zona urbana, Puerto Rico",72,10334,0,2,1.0,2.675902103592805e-131,4.74880024443632e-94,8.697815919828231e-32,3.8443573384525875e-57,9.80006451668023e-47,5.501550881083931e-154,6.14696670124737e-62
"Carolina zona urbana, Puerto Rico",72,14290,0,2,1.0,7.18118869025036e-79,1.2004001121243586e-55,1.7570692072277124e-23,2.982842368903256e-40,1.4523901041901106e-35,2.4758277823966744e-119,3.96337210656989e-46
"Guaynabo zona urbana, Puerto Rico",72,32522,0,2,1.0,2.7654528149288506e-60,1.708666569536643e-49,9.460815651696809e-24,6.889862816934266e-41,4.2311505442942945e-58,1.3668097086436134e-98,3.170888676749431e-44
"Ponce zona urbana, Puerto Rico",72,63820,0,2,1.0,3.9862155883872725e-222,2.7604945317609614e-107,0.0,1.4078300333372896e-71,6.198522916335074e-138,1.3129529098490574e-107,2.4914179336476535e-56
"San Juan zona urbana, Puerto Rico",72,76770,0,2,1.0,6.142884238136366e-110,3.368242912382255e-86,0.0,2.110051352664241e-39,9.175636966147684e-78,2.096541720769745e-96,4.6253674495701904e-48
