homeownership_rate,median_gross_rent,rent_burden_rate,vacancy_rate,poverty_rate,gini_index,median_household_income,childhood_poverty_rate,labor_force_participation_rate,youth_unemployment_rate,hs_or_higher_rate,bachelors_or_higher_rate
0.4684077691210359,1206.0,0.24126826851622493,0.1772077611347364,0.22315410559429116,0.4735,51355,0.005114509054633935,0.6125753307313189,0.002264983357296201,0.898848368522073,0.3295372147579441
0.5887138765946368,1016.0,0.2088146858680171,0.11433924196570111,0.19808190409520476,0.4965,55846,0.012460623031151558,0.5726335520149953,0.0076074437776565435,0.9068722028841373,0.28461461959224266
0.5753186917625669,1241.0,0.19739722695207979,0.09077076249694738,0.10672541320427359,0.4648,83235,0.0069126107204821475,0.6651474870236739,0.004805862200228397,0.9391596120099505,0.49083698118543945
0.6056827995572477,1136.0,0.29372570794003333,0.14665462622739822,0.1816609797897142,0.4947,55307,0.009958467785514675,0.6019458335396346,0.004390294057166358,0.903115498695371,0.3334720972933594
0.5478349894610057,1110.0,0.264910364667963,0.12876720953660176,0.22532477308900073,0.5285,59292,0.013603905880328645,0.6019983883964545,0.0054719708732665845,0.9078568079267589,0.3589410489580371
0.3871476789549818,1058.0,0.32418997210499967,0.14436276348360963,0.21868767250236718,0.5064,54212,0.0010576787477083627,0.6036161475517349,0.02829920601755119,0.9048587721345916,0.39585487044385903
0.6196074132938737,1536.0,0.19344459118741747,0.09681224941013414,0.08334629634867212,0.4463,105356,0.003920722912011765,0.7119795092500228,0.002606349458845987,0.9428666855072836,0.3993422911902988
0.5920605399858911,1873.0,0.24587329036315045,0.08491784037558685,0.09252161233204874,0.3582,88152,0.0020414540152067493,0.7228515227565624,0.0,0.8696136819643938,0.21451320105735852
0.8229454799265827,2466.0,0.13739232004672214,0.05118960019622271,0.07874346750231682,0.3754,94199,0.0029330556325177465,0.5872324990932173,0.0,0.878360630407911,0.27132262051915945
0.6316114613805258,2000.0,0.27129469790382243,0.04247675217690093,0.07603614833281395,0.4328,110284,0.001959288352084475,0.7063720725472162,0.0015118044157030198,0.9447231987315231,0.5069526303161804
0.735573134664388,2167.0,0.21544951430008902,0.06301719260899999,0.05145825009988014,0.394,124968,0.002511768486511838,0.7184542370401529,0.007197586803787802,0.9569282822659539,0.5063426604041791
0.5754474349883048,1708.0,0.22882855931992122,0.0396409948873281,0.13353753730016008,0.4491,75711,0.002814062407367152,0.6840027883945098,0.007555736737046305,0.8417844953681131,0.2605059088481809
0.6491808853239454,1708.0,0.2560082105083103,0.1059187524031798,0.10836914054884468,0.4427,85580,0.0071042555348467245,0.6432186210333299,0.004377667876417383,0.9163281496151595,0.35300951973713823
0.7669082285608299,1989.0,0.23024894850517222,0.06445135781658631,0.08414640938526893,0.4547,97333,0.0008506286044121296,0.6277698842165724,0.012973129153423866,0.9126799045108943,0.3730905628613614
0.5762843157444517,1712.0,0.24134604959641692,0.07009186096527667,0.1203181223048664,0.4463,85246,0.005147777394659082,0.6965989141652085,0.007133609445349788,0.8527814551884069,0.35939102079982943
0.815397621904658,2260.0,0.19131334022750776,0.07148464207034515,0.08656465636775909,0.372,99217,0.0016802336014094387,0.6494731892885384,0.0,0.9201104416375295,0.2317468099655515
0.6482561491952091,2117.0,0.22851923842532962,0.13141965857218493,0.06942880425213037,0.528,104893,0.002501975782839968,0.6171536758871271,0.0027519624650365424,0.9805707840278025,0.6432574421924936
0.829142848290499,2064.0,0.27219149514915225,0.07053995680345572,0.08807119527761963,0.4115,100824,0.0022892757618434064,0.6022413340056388,0.009705074232615182,0.9466257618787992,0.3291153661493893
0.4079334046503621,1818.0,0.2723930967165791,0.110616565691914,0.1632623424208404,0.4567,78044,0.0002625155694074409,0.740228488519543,0.006103342496314888,0.9499281224926451,0.5126955736828029
0.5239548419726205,1235.0,0.24820830482227105,0.07211829085934268,0.18056747352638874,0.446,60483,0.004107535195994305,0.6250943827690503,0.006698762747838692,0.8888992860799348,0.33133982485014285
0.6992157157533389,1260.0,0.2485838053982006,0.10764036401851397,0.16208478219950267,0.4489,71828,0.00677623562278955,0.6078262926580261,0.0071896763621466615,0.8286137788345737,0.21452614025877775
0.4627990003570154,1037.0,0.18528610354223432,0.0974996777935301,0.1379089061712173,0.4598,65896,0.0036058610521169155,0.6898850497894807,0.0,0.9537265490433406,0.45260928262185185
0.38477987122526075,1119.0,0.16640920676604617,0.12208501939843978,0.16999588464338852,0.4635,66237,0.0029335106102335202,0.6435695778781556,0.0,0.9316149395055234,0.431894927966605
0.5453797787387579,965.0,0.18703314659197012,0.09134082252543271,0.13038644250530643,0.4339,60306,0.0019428815291488383,0.6293817543474683,0.0,0.854951459489547,0.23197943781412178
0.5613660618996799,872.0,0.2266153014328197,0.08755984743974682,0.23111539290377375,0.5097,51672,0.01609897701775958,0.5990743862445214,0.0,0.9050672416728139,0.3555202481605478
0.533480583290135,1136.0,0.19054060582636842,0.10378330337124043,0.18180408167349613,0.4947,66553,0.008050272928768342,0.6424704293680762,0.006753140599608824,0.9246822722258323,0.4703882248046786
0.5590457116756263,1430.0,0.17243027888446216,0.09110940793255413,0.08881508749466496,0.4914,82834,0.0,0.7041331167709162,0.0,0.8707838381325539,0.4105769430105521
0.5333815218819818,1138.0,0.17173637515842838,0.06761020739515364,0.15211882621778774,0.4195,72997,0.016595398085929546,0.6804625505177144,0.0,0.785888520770379,0.26515454909527797
0.5452041477640959,2437.0,0.25806911293195584,0.04517326732673267,0.06602366255144033,0.4283,151346,0.0009645061728395061,0.6944025382210679,0.0,0.9583504660087719,0.6371299342105263
0.4133638530038881,2201.0,0.20396600566572237,0.09219777404571461,0.10455451502501034,0.4309,93659,0.002407010417841965,0.684194771502694,0.0,0.8526201381880288,0.4408508656160236
0.465053242981607,2258.0,0.32404391362046087,0.045311716088827864,0.1318496057507127,0.443,101145,0.0039746884347688655,0.6836968038614805,0.006089384017323698,0.7855292368222622,0.31800968031374666
0.6414869691758169,2192.0,0.29793357933579334,0.05225808069409965,0.11804495982097447,0.4195,97998,0.00298375885803411,0.6523979710643812,0.011639094943977156,0.867410071942446,0.2245443645083933
0.7356972923983234,1653.0,0.2023146163737677,0.04148115973504181,0.07678762512359977,0.4096,82170,0.003223752827556314,0.5839721254355401,0.0,0.8715799668473301,0.20124415637630144
0.46052427885855823,1643.0,0.3155100674350758,0.07787109514406033,0.13680158429941477,0.5062,80277,0.008310896508755924,0.6752605445517542,0.0,0.9334378183527937,0.46270668442912
0.6141035844608292,1708.0,0.30401198536851115,0.04451506912210975,0.15484945393109273,0.4319,82093,0.006169070174380016,0.6249617909262509,0.013094931953751747,0.8159423838562861,0.24071763658765047
0.556454876568191,1782.0,0.2512545620437956,0.026686361398325947,0.13869496144933027,0.4008,79496,0.0030461587792045006,0.6163040534440734,0.0,0.6762731772799732,0.1740917862236765
0.39406537865818864,1856.0,0.21639983855778286,0.062621785809804,0.11657095652405633,0.4252,80800,0.0,0.6836251184597736,0.0,0.8404759563378896,0.2501720916510965
0.45911161255275584,2024.0,0.3422048825710754,0.11696985351094055,0.17796114553063946,0.564,103727,0.0,0.5677065767284991,0.010611086357410433,0.9564355395664561,0.7515460262857293
0.5669471480088409,2221.0,0.33587034383954156,0.0,0.09950388582042133,0.4351,106666,0.0037147465663033385,0.647878950028241,0.0,0.891124871001032,0.3388716890264878
0.43296878560036456,2245.0,0.30120143046570497,0.06473747016706444,0.08395430188277019,0.4537,85517,0.004786868089807072,0.6897595931576515,0.0,0.9317698341229135,0.48875663965127963
0.6673967339097022,2582.0,0.3123844731977819,0.05280972485077886,0.09544487260596998,0.4155,112301,0.00703111520101225,0.6361588681436641,0.0,0.9612013050827469,0.4585478988953968
0.7125518891155984,1963.0,0.24782768327010157,0.029829351535836178,0.08305403690053335,0.4322,105234,0.0013473037223440858,0.6226949793717954,0.0,0.8431372549019608,0.2971813725490196
0.7430080946148999,2440.0,0.17087891361750282,0.05005064923105258,0.04522228681577579,0.4442,145276,0.0,0.686270377962108,0.0,0.9241902285776189,0.4489004441555628
0.4185613202315729,1475.0,0.3331934536298783,0.08724084872044055,0.22094739395899882,0.4603,65422,0.009128219643362582,0.65771934421747,0.021895028581326866,0.9468657945582972,0.4261189065914922
0.7173678933491775,2354.0,0.39902772303245304,0.01358974358974359,0.11246308986573068,0.4263,97461,0.0021951083625828737,0.6329434207214487,0.0,0.8918037327096764,0.2543812410567292
0.6517149294834349,2961.0,0.14616029711273512,0.006425935906471539,0.06953177778932598,0.3812,121839,0.0010783141921737775,0.6279980265147295,0.0,0.9119168082444972,0.4536153688180274
0.5727954780200447,2338.0,0.3564482703650566,0.036809883021755765,0.09607910997671115,0.4383,105101,0.0022567829666962284,0.6392655173203288,0.005214675587009154,0.8792614860787863,0.33461555038358765
0.653433706515678,1795.0,0.32916640881242654,0.05815574184425815,0.11044359392646505,0.4389,92949,0.0005254737106286861,0.631758207732798,0.0035730660384816052,0.8967436876921644,0.37149445634957606
0.5540392774351572,1729.0,0.36357395056885056,0.03315431132913266,0.156154025256949,0.3861,83125,0.004579069329105363,0.6764193760168984,0.014833101236443432,0.6719362723547928,0.09898535178574569
0.6389545306388527,2300.0,0.30660723353834,0.04875591039454306,0.08739573906024509,0.4519,107318,0.0014431426265195803,0.6595654655304745,0.01080129496188217,0.8769249585821186,0.37905422684768225
0.6209591405356139,2307.0,0.2879361506190525,0.01786496524140558,0.08964448427813877,0.4279,103507,0.000690865635969826,0.6867926822780096,0.00406144175649056,0.838446144145626,0.33499648180131775
0.3736532455269593,2477.0,0.2050251256281407,0.06901837033697734,0.09830292862344558,0.4479,112288,0.0047105022999419256,0.7550573350917585,0.0066313389976020605,0.8949308755760369,0.48431232556630105
0.5610504978238836,2618.0,0.2095755517826825,0.12467383362905751,0.07309764543623429,0.4179,117911,0.002331742456565095,0.6786068418443233,0.0,0.8796814464055102,0.3922792535007977
0.4166836713871771,2248.0,0.5404743580773805,0.08417118295645673,0.3361745182505251,0.5578,76706,0.003035366620165259,0.5976884881967157,0.0,0.9685517408857724,0.7838083963209179
0.5064262917277668,2017.0,0.2768262845159035,0.021495090453816503,0.0900186481047248,0.4237,92613,0.00602832296301767,0.6653697777388102,0.0,0.8366027849077682,0.27750661648335573
0.36793721272005253,1577.0,0.2836153161175423,0.05120598095351114,0.17606776153691023,0.4315,67303,0.005725709575876612,0.641156462585034,0.0038444750360944165,0.5924427159974774,0.128376602900988
0.4445312744209309,2013.0,0.42312886888013507,0.0404619076184763,0.21540527994785236,0.4539,77462,0.004829581930055012,0.5835453041266392,0.008950676061702533,0.8268944371441086,0.25045992115637317
0.7500810256040908,2352.0,0.35554755043227665,0.016086170853559154,0.10024674766746346,0.4151,120958,0.003502935636311563,0.6296963940291057,0.010724155775519417,0.9091219593468843,0.4031906031322892
0.4156177234839537,1787.0,0.276549055841081,0.03191767396275727,0.15335678827895322,0.4312,70450,0.006708757048532459,0.6523801200256365,0.0015897399256930551,0.6410759812943951,0.14716348316904576
0.5472729557640751,2230.0,0.2761970853573907,0.02951459468249451,0.1041214016420628,0.438,102145,0.0037836484117475854,0.6684789555761971,0.0056855846208760386,0.8275477386934673,0.33619095477386934
0.6107083100948132,2294.0,0.30515759312320917,0.04213411376675261,0.0963030053519967,0.4404,97676,0.005294359818855496,0.6269890091863517,0.012247767930143571,0.8779530865678805,0.27568540404343395
0.661141237367513,2363.0,0.21540280050918348,0.03384633703450123,0.06708572667172429,0.4315,135855,0.0009031465626241827,0.6022357236498964,0.0,0.9309265376750039,0.5276230926537675
0.6314440282979609,2185.0,0.22428977914276682,0.027267280882138634,0.10378728170241008,0.3728,108735,0.0041251273258574046,0.663683010605213,0.006834043324571739,0.8093493145685212,0.2428354526475612
0.5961127162207797,2914.0,0.17307692307692307,0.04359008098376736,0.04699180262914601,0.4356,175816,0.001760981923520555,0.6917819800262898,0.0028620537403809764,0.9237431130517875,0.629426243884148
0.5128832732444679,1552.0,0.31045019352210224,0.04250197941409343,0.1869441732656914,0.4528,74491,0.008769582540558396,0.6429263243854035,0.014791348205912108,0.791638991547025,0.2476171012370069
0.5255517759670912,2215.0,0.3293872446852855,0.03326705414499847,0.09958085696291416,0.4503,94261,0.002425093565177104,0.6539575868749036,0.0073795417606039955,0.8485894753945203,0.41222048459491845
0.5161675217754444,2184.0,0.3327168105219893,0.041715102429728444,0.12077616369063265,0.4232,92509,0.0034637648144578595,0.6424047085201794,0.0030212468914968807,0.7383282423368902,0.26931234696300904
0.33466141067154725,2221.0,0.2764341183689879,0.06424967394311461,0.10884412135518656,0.5014,89055,0.002414227849459481,0.6509506581479486,0.0027493643942529417,0.9132358310246332,0.49955973627128836
0.2546964856230032,1853.0,0.30761316872427985,0.0386977886977887,0.13709065963822797,0.4122,69044,0.0008424498441467788,0.6710963950661476,0.0,0.8174037341615784,0.2516500194119931
0.5831010452961672,2333.0,0.2665180851557784,0.04896907216494845,0.08535992217898833,0.4443,110406,0.002764693835756707,0.6652749301025163,0.009716463072957525,0.8348030971751509,0.37327448586721756
0.6433442316674451,1683.0,0.3736685873930505,0.09481665210406155,0.1347164954076401,0.4259,62386,0.00391605035233545,0.5748496620722686,0.0,0.8106895019837926,0.14309349101548738
0.676599596184641,1724.0,0.2597416576964478,0.033380442829261725,0.13076608926917216,0.4062,72059,0.004741366429930374,0.5558788760571065,0.00708092823257227,0.7759907545625271,0.12412320829521195
0.5479661016949152,2507.0,0.2347495024660379,0.06479381569000414,0.08819937111821419,0.4426,118105,0.002723421948494062,0.6509387624789714,0.005687552466020883,0.9360389208801176,0.5086582466363399
0.6649344553592382,1596.0,0.19811887132279368,0.1785458551363261,0.10483163145163017,0.4029,76579,0.005683642669064286,0.5896177507430704,0.005345838218053928,0.7869898590155825,0.19523456179404733
0.3852813852813853,1856.0,0.3311424100156495,0.06171725149497913,0.151779651843615,0.4553,69362,0.006042058235994529,0.644219478550338,0.0,0.8020038784744667,0.26964447317388496
0.46890721255354456,3091.0,0.26724363588770367,0.05519070057628844,0.09747944801319619,0.4395,145731,0.002122252470932182,0.6647874377633091,0.00424597870673365,0.9759875613429863,0.7127156114863223
0.6459444941808415,1921.0,0.34044705168402956,0.017901104311739465,0.06957090773113957,0.3955,94942,0.001701411610731981,0.6437565267491687,0.009471957040572793,0.7357348533819122,0.14246048069577483
0.6934819042442361,2193.0,0.26983892419092653,0.022016479135288383,0.07784227163723567,0.4221,102034,0.00407401351645956,0.6205643320244727,0.0,0.8713771547641599,0.24301740649533793
0.7226465057374218,2263.0,0.1931645219316452,0.027615031533380602,0.055854772474317804,0.3864,116517,0.0,0.6765200975379533,0.0,0.9168366022765192,0.353602016981202
0.6659289849631489,1931.0,0.42976282013367245,0.05661186295343548,0.14861436076625326,0.4049,87324,0.0041609304680120755,0.6081109137465686,0.009091713769078058,0.8031063813841945,0.21792445760107917
0.5834596321631917,1755.0,0.2114268856328056,0.0681349721352775,0.10730428893240478,0.3977,88584,0.0015901294188665912,0.5853478825304376,0.0,0.8179595278246206,0.2434654300168634
0.4106386841011167,1962.0,0.2669130724214333,0.057627361822355644,0.14286711853258457,0.4574,91318,0.004277633988606491,0.6685373412335212,0.006949364909710296,0.8406376773041223,0.3732926709545842
0.3588636131892828,1958.0,0.3017402908454361,0.06705806234569028,0.15968257111915488,0.5242,82263,0.004448765975736685,0.6726693619049083,0.004744149567770497,0.8041627606158313,0.39906412395145596
0.5364245748157996,1440.0,0.3072418738049713,0.057290578650511806,0.24389994148624927,0.4412,60368,0.004695728496196606,0.6332565361113893,0.0,0.5855137448727421,0.08888945504573131
0.7270148985819422,2127.0,0.2272488164124145,0.033852450487322674,0.07353364692329846,0.3994,111790,0.0,0.5998598362007366,0.0,0.8410088075660568,0.2437193278949592
0.7850860613391799,2100.0,0.39657598499061913,0.0430703933248125,0.09292020257322749,0.422,103609,0.002361073090610457,0.6182603835239487,0.0,0.9151731479742,0.23935124303337718
0.5290661147862079,1628.0,0.345993878992388,0.06590030378348523,0.23201880606769762,0.4364,70414,0.016413143164352804,0.6058792119832505,0.01658240178115868,0.7439973134829574,0.22770097572806478
0.5371136920789293,2968.0,0.1162528216704289,0.03554263565891473,0.045294102491433286,0.4377,181812,0.0015974029320073172,0.6640128138691289,0.0,0.8703633371312824,0.5552601595138625
0.6025843599357258,1822.0,0.2757842245358671,0.015840383753722886,0.13848028588771696,0.43,79211,0.003893075072909583,0.612144379496146,0.004825822349998133,0.8137871911931799,0.22105499499921757
0.6104981196338608,2206.0,0.29944892289474884,0.050976430976430974,0.11393811559539728,0.3809,92716,0.0029379084351871033,0.6576988584461431,0.004534090807265298,0.7890782588359108,0.17117110532931856
0.6798355531777096,2448.0,0.17475813544415128,0.039877798204823185,0.05685140318096073,0.3956,116547,0.002422822812083717,0.6531446798069845,0.01561661479016851,0.9402005746491325,0.32640346999668474
0.6264631391607913,2752.0,0.28468022723107933,0.08309797276093642,0.05592602822607163,0.4447,118732,0.0025121992923752778,0.646158235070369,0.0,0.8360959988354956,0.3811386670063138
0.6655444152576862,2239.0,0.24922566371681415,0.005152931650042328,0.05651460384727242,0.3729,101959,0.0,0.6720593447769507,0.003164437747221699,0.8075195284557498,0.22763169189390253
0.43642613526673674,2008.0,0.2713120759708068,0.07254017437494094,0.11890596670888036,0.4968,102235,0.004382328556200403,0.6985007057069053,0.002070196039558663,0.8482119731841152,0.514142789165226
0.6042976358252442,2370.0,0.2976509664252271,0.07306726944472985,0.0893162342790462,0.4168,104809,0.0007307959782647132,0.6629395627234184,0.001828745793884674,0.8609424575972423,0.3906380978495045
0.5961830018728261,2250.0,0.3112190812720848,0.03618703799209214,0.10103836247797207,0.3918,94020,0.0015941439609597396,0.6782478165938864,0.007615387710756106,0.7982606594999396,0.26351008575914964
0.5612455659826681,2411.0,0.2846543519418718,0.034340718900403244,0.10345035862589656,0.4355,111059,0.006742166855417138,0.6540919287520891,0.008867695082459999,0.9001136302148152,0.3870894432119474
0.5754363306965148,2111.0,0.2761417888377202,0.06308925600389896,0.11845305088833508,0.4333,101184,0.004969249939705764,0.6625442140906058,0.004977723736332634,0.703890307074507,0.19677698657948559
0.6941610104733222,1869.0,0.4254115226337449,0.04494719670301365,0.15619398495307915,0.4434,73517,0.00494948179297769,0.6230262059756301,0.008291918393591512,0.7798063651863278,0.16984655354388245
0.4127876369194192,2191.0,0.24023945861530452,0.10022309149807469,0.12949960333054059,0.5079,105048,0.0009119690375390182,0.6694898844052299,0.0013204225352112676,0.893303161422877,0.5799729210259712
0.6697916666666667,1845.0,0.280613708058503,0.028250667157449158,0.06404759287084204,0.3464,92352,0.0018568060492786553,0.6958697590041131,0.0,0.7347249020639653,0.13161433666608197
0.583580922595778,2330.0,0.38912880210289147,0.013878180416345412,0.14593559979687765,0.4053,88761,0.008111873543313238,0.641884267573624,0.0,0.8418528819411144,0.2337393305840606
0.6498941762818324,3197.0,0.2734009360374415,0.04874167884396818,0.03846460353300571,0.4424,176390,0.0010758400850046487,0.6361712700982671,0.0,0.9584089724463936,0.7067778636518863
0.5211166620408918,1967.0,0.2985752233759961,0.03501841312353532,0.13039285246850224,0.4092,89319,0.005676142978184048,0.630886842603336,0.009456603970469308,0.7195106181926693,0.22210175560749987
0.5687107185323594,1923.0,0.27499015360378104,0.06359356111217153,0.19335960826466023,0.4504,84623,0.013388271826107728,0.6673348856574504,0.003558554395045753,0.8997594082160298,0.323075265728239
0.6000266626672666,2370.0,0.33622198150154153,0.03262779488336853,0.07890786317805604,0.4544,115345,0.005130535312692323,0.6567619794438065,0.0006076499936036843,0.8940389845874886,0.3696898070198161
0.5766089599577111,1471.0,0.25563393470254075,0.11590139034933987,0.16049166511607543,0.4635,70992,0.005593073782603461,0.5938529088913282,0.0,0.9466311175380722,0.28653200174733007
0.5595361916868908,2115.0,0.22835403183487843,0.05545246152166794,0.11904332255243542,0.452,110762,0.003039935592232201,0.6368469638949672,0.0,0.9048380566801619,0.42795546558704456
0.5074116715837951,2632.0,0.20261485647505662,0.06687705633519103,0.034673655383618725,0.4523,152387,0.0,0.7031377645748236,0.0,0.9522325638607569,0.6698306613637296
0.5175986897081927,2982.0,0.25512749445676275,0.047987271280827366,0.07452685735285111,0.4483,178188,0.0005512341520181295,0.7207641725326612,0.0,0.8577767664125612,0.5529639321879622
0.710587885765217,1895.0,0.3653278583344027,0.02122787248736869,0.11110683349374398,0.4363,90295,0.0040712223291626565,0.6419743913614187,0.005613209366922572,0.7371474593207953,0.1457739861892049
0.5600098376783079,2134.0,0.26724427054220234,0.04117341885582229,0.11383623559090432,0.4426,106595,0.0056585263305420274,0.6612370838117106,0.010309278350515464,0.7987232490272373,0.32985165369649805
0.5556203471533812,2060.0,0.28737643250809203,0.04611191456224274,0.10456206606421446,0.4128,90004,0.0028163676885232213,0.6519732497324214,0.015019385485917872,0.831192435336383,0.2542168845331332
0.6680480884109916,2314.0,0.28950624226746147,0.04625574190791582,0.07757982197444081,0.4503,125795,0.007002518213280545,0.6250270873964427,0.0,0.9539887059572099,0.46237970253718286
0.7112373902790515,2146.0,0.3075483468496569,0.03713398192970561,0.06341297980576538,0.411,116323,0.0021396639432711578,0.6585287232817837,0.009416920154306958,0.943419347444702,0.42183353756909486
0.5084361571130601,1846.0,0.25198355895464397,0.06090555956746858,0.12211435349940689,0.4336,91387,0.003518861209964413,0.6627282041728763,0.009820732110104638,0.8592043032687878,0.37632128496808515
0.4475856772583277,1972.0,0.2908158832218264,0.03270887016273185,0.16119059013172807,0.388,87837,0.010672997002745384,0.6319960040974932,0.0012323849327546483,0.6061947846869532,0.15957492211173233
0.5166480176611122,1621.0,0.3052931239441907,0.03586319503163542,0.16725610282066763,0.4476,67753,0.009098049185760917,0.6140553720758518,0.00789515384830492,0.7439755360462863,0.13290789407567458
0.5286529970641948,2251.0,0.24644433545855812,0.0651957818307546,0.07850948710346872,0.4283,102238,0.0007967684553809665,0.6211106309420916,0.0018437989215515742,0.9042966051669785,0.4089750191532385
0.46479846661383367,2414.0,0.2586511475748549,0.07858494122601746,0.10355357334210302,0.4596,111032,0.001969485901363121,0.6824336206860283,0.008082335011861489,0.9003287090095293,0.5358205350193875
0.367269881481601,2448.0,0.18248857719689726,0.11477809995857675,0.11288451945971315,0.5127,139801,0.0010676488872616834,0.70033649711035,0.0018196704614010482,0.8887208900266305,0.6089830693543788
0.555131417475494,2674.0,0.22937197543750254,0.041143851695944304,0.08112062348464234,0.4655,148226,0.0015331256675696202,0.6726475202586972,0.0041958141716164675,0.8454043201426475,0.48993113324768867
0.5850391627723294,2114.0,0.3131889919898485,0.0564526145820395,0.07792814903115723,0.4127,105655,0.007830212935044293,0.664303839364519,0.0,0.7941746669354964,0.35454503156164213
0.6704310789881259,2616.0,0.45251615429802233,0.028798846792642035,0.08662494082995845,0.4677,109520,0.0014095618787145637,0.6783616143399732,0.0,0.868103821891202,0.459509783463619
0.503034594375885,2838.0,0.21229391410543455,0.06716048217782077,0.08931940635272607,0.5029,162100,0.003724883779735854,0.6702614687558995,0.0,0.9204248257550613,0.5677530700298705
0.4322954209748892,2184.0,0.22867490945422755,0.03180596075739374,0.1249576441855856,0.3915,95118,0.005760390760358794,0.6750865821497791,0.00591848260930955,0.6741982715180787,0.18733302275168998
0.41385029500530196,2313.0,0.2736803042953892,0.11101711302330078,0.1516629660734213,0.4818,106800,0.010860186601935046,0.661980753160633,0.0,0.8939259350016847,0.5517964897234049
0.39414426895723653,2900.0,0.20010366485761327,0.043973509933774836,0.07670313662286139,0.4454,180631,0.0,0.7352272235914732,0.004457879507868922,0.9305491058068378,0.6746953138705716
0.7154915066177053,2596.0,0.2348298435396258,0.013705411813752313,0.07926224834422563,0.4192,123011,0.003772095267336287,0.6812520367414346,0.0010864277606615859,0.8974821080026024,0.4182628497072219
0.476776628918431,2010.0,0.36555834378920954,0.04201125750762555,0.20743999707302796,0.4575,74986,0.01770818088687253,0.6390962695990094,0.004526883164214605,0.5905941395499433,0.1699530516431925
0.25397631477381216,2450.0,0.17467189457060392,0.09375575273369906,0.07957529910884643,0.4933,130928,0.0,0.7394481024632504,0.0,0.9506236525005621,0.7393225136568655
0.5781279917519699,2133.0,0.26732534999825436,0.06808043373824721,0.08553023638582252,0.45,99681,0.0016288770963988762,0.650751414245747,0.00677991044211323,0.8428647405715716,0.3351452392497927
0.7402022471910112,2652.0,0.25551422887293485,0.015508506448972368,0.05135434337642065,0.4144,132408,0.0,0.6838423461287009,0.0026222701757740476,0.9157967988865693,0.40121564022268613
0.47833921741688734,1602.0,0.31068029608741626,0.013209464363478009,0.11875560873466946,0.4567,76200,0.0010192663498077798,0.6443274616993994,0.0,0.6084069055600145,0.11097996632201816
0.537111695591685,1635.0,0.27956210784958974,0.05338998529227989,0.1558353646229564,0.4426,78627,0.005322237575494108,0.6304615757822374,0.013578760534710242,0.772171772481901,0.2288652200459378
0.4345855845863768,2889.0,0.13756480313857364,0.035750844117152764,0.06451674923255382,0.4827,181022,0.0016854976704243224,0.7385736024532864,0.0,0.9305305253763109,0.6897430616343134
0.6313163782240852,2575.0,0.23156866848015623,0.02379816744069286,0.04800362895694171,0.3772,120768,0.0010673402769748018,0.6772137491463692,0.0,0.9306624990470382,0.36991436049909787
0.75760982168441,2793.0,0.23551877784850414,0.02304097848790887,0.07627466093773062,0.4521,138411,0.0007707824261606836,0.6254715629626092,0.008260803176057414,0.9412212458722785,0.5783399563440981
0.5704320389272205,2263.0,0.2886283185840708,0.0694906261054121,0.10411075828046902,0.4416,113095,0.002683602537487251,0.6337148524405608,0.006598426529058455,0.9426627018181093,0.5470093998842477
0.663502373220085,2498.0,0.26707498144023756,0.053776149391324905,0.09338888610009538,0.3641,120776,0.004537924802971738,0.6770742581868497,0.007682555301152383,0.8383331611798905,0.32984107777892546
0.5603664372635705,1633.0,0.26819407008086255,0.03965509694927124,0.2138640603681118,0.4247,79192,0.009453401275304207,0.6782436739238951,0.0,0.7445632756115571,0.13419717504704284
0.5887391458095949,1652.0,0.2291009840450941,0.01979587906797612,0.13404466293311731,0.4233,75835,0.0026255883133388266,0.6230655922363747,0.0,0.8151155527795128,0.23395794295232147
0.4462991585093594,2604.0,0.23590347993300664,0.03330234411315492,0.07538352128416133,0.4403,117342,0.003708219038910901,0.72415719873347,0.0,0.8695514176893779,0.4547009451262519
0.6166135800596593,2522.0,0.2775946195437162,0.03540599853694221,0.06919287608942781,0.4619,121605,0.0,0.6289456542788233,0.0,0.8779761904761905,0.438015873015873
0.5567265964042157,1959.0,0.19514603044014808,0.03331453148135091,0.06719801942679585,0.4451,105366,0.0022988796119693313,0.6795535942696341,0.0,0.9318675201781241,0.4038593561554875
0.6558485265283428,2381.0,0.21318027210884355,0.034417474356438445,0.09627968418788978,0.4214,112497,0.002642007926023778,0.5949660539824474,0.0033597073675002984,0.8830587642994994,0.2954717086678041
0.5198921535326086,2104.0,0.38279902719434006,0.04798092081329076,0.11800142329907486,0.4597,80115,0.005593896363967363,0.6300295077482266,0.0,0.8729380343049794,0.2783694736035553
0.6487495057334915,1798.0,0.41349468796172517,0.07610110281526132,0.1642475453033225,0.4067,80407,0.008258379826588745,0.5634151773286565,0.009766622198066439,0.8023943262411347,0.1490950354609929
0.6283604195832573,1628.0,0.25004094556968937,0.036158479349186486,0.11300850030358227,0.4255,84781,0.003477396920019871,0.6755197618943406,0.011857246527057847,0.8673742807884843,0.25869804540639346
0.5466208024360674,2305.0,0.32095771144278606,0.01851339384547266,0.09567179570957433,0.409,105671,0.004880588938012436,0.7217740454651177,0.0,0.8618826937002172,0.3330485155684287
0.593414521528339,2296.0,0.32784441763077576,0.03952547258717224,0.1084021571067617,0.4158,101296,0.003658030697288532,0.6323959687906372,0.005067288449887087,0.864675248608936,0.34325222506589254
0.5423379346496593,2159.0,0.3313225412339646,0.011674092494732844,0.12493410057094144,0.4502,81403,0.00480084351269195,0.5780817968575959,0.0,0.7474192602650949,0.23049979168916937
0.5885349453236433,2047.0,0.2323374050841862,0.05621794871794872,0.08371437371176763,0.4039,104425,0.003222061645620602,0.6263412945655936,0.0,0.8637870365648427,0.2596086830876978
0.5933769063180828,1532.0,0.20306472353193314,0.06433463796477495,0.10266997373796323,0.4364,80072,0.002100962941348118,0.6277720091967663,0.0,0.8113861278936313,0.21984018709803158
0.7447806567212256,1901.0,0.20580579001341012,0.06196177670342952,0.058109222900511466,0.412,124317,0.002763570367926085,0.701776226792401,0.004204439105474152,0.9646783184170201,0.5482133736036776
0.6142260778814167,1932.0,0.2600645892159681,0.04346252714068232,0.10687388195443134,0.425,93837,0.006774667154389253,0.7293186802309936,0.016048314587680457,0.8799404389867275,0.3724364866355381
0.798895402354537,2213.0,0.22295832329559143,0.03544475338208836,0.05566233206139076,0.3941,135629,0.0,0.6774353361368742,0.011003775638627164,0.9702723836830445,0.6160953994526261
0.5717192220093961,1699.0,0.21308338432441454,0.04076894247557063,0.088048739085252,0.4389,83672,0.0026332023632577185,0.6772724762674511,0.005751897533206831,0.9487954097478519,0.444051915237087
0.48054376259702386,1870.0,0.2212297328534161,0.060028538950830775,0.12057854291347635,0.4949,92504,0.004950777869897515,0.7376331251250144,0.00594146281239528,0.9138118372443361,0.5863097101646784
0.6566977993858751,1208.0,0.2996366346780956,0.03303228999133985,0.10953207276208712,0.4256,78788,0.0016305648635710867,0.6274404790885633,0.0,0.9493898345247028,0.4384108052604557
0.6076799394684574,1441.0,0.2777242044358727,0.05319244201665622,0.13927368026956197,0.4303,76462,0.004346595319191679,0.6649072768798697,0.011734735804092365,0.8439065794157107,0.2885442050214933
0.5733780357711863,1853.0,0.2302071832175099,0.03865056004688145,0.0880235559648736,0.4425,90852,0.006226246222095391,0.7068728470417598,0.006668590298483537,0.941356714821668,0.46072622948036734
0.5967690845739626,1834.0,0.2257883514757042,0.02720429634194656,0.0876605753573367,0.4264,91696,0.0,0.7148722945229313,0.0,0.934341424592121,0.513687445970608
0.6380443801459481,1117.0,0.27261505907247396,0.061610333606181,0.1794624813492738,0.4643,55194,0.008187432715734603,0.5433752743551297,0.002999460097182507,0.9221463861865227,0.24064075790760453
0.6828347210964557,2075.0,0.334204565255271,0.04068144063902732,0.06019471944936679,0.429,101096,0.0005199816638044869,0.7393229279259804,0.0,0.8735889816326737,0.3200843821945456
0.6024261275272161,2044.0,0.2044020236791321,0.04535196769340407,0.06053439910642605,0.4011,108877,0.0006370204893713568,0.7204997349575413,0.0,0.9301653224418618,0.4231038399320813
0.4320752722275082,1563.0,0.31794489947877885,0.05117445456825211,0.20129227347923956,0.5198,57394,0.005146041819217313,0.6763007179156247,0.011784210589091257,0.7918862164842215,0.21745639789232174
0.5695218497241991,1865.0,0.2740007967069446,0.056035180488857715,0.11333743513541751,0.4454,80243,0.005386517453941793,0.6647182060367793,0.0,0.8621792899772349,0.28897741955331324
0.26143645064482113,1283.0,0.30134804930950226,0.1384196090078443,0.27460618729828307,0.5163,50418,0.003183738443641707,0.6243706741606506,0.014552452446084356,0.7864867920262275,0.2244162238886586
0.4672846422871889,1364.0,0.23251959971954872,0.08460510365834706,0.1931355033219809,0.4272,62152,0.0,0.6756111038876609,0.0,0.8691956159714961,0.22429417915650052
0.30370907290856375,1574.0,0.28521010537006475,0.0757969380585919,0.2512381705303788,0.5349,59705,0.008742762806054828,0.6549538450550824,0.0293331879395889,0.905646485812992,0.39110834230050406
0.5418504694039136,2031.0,0.242686088137267,0.04429370591573656,0.09356901090635578,0.4853,108460,0.0006232203298769677,0.7155560085098793,0.0,0.8630592195957222,0.4744097630345508
0.5045526810232692,2442.0,0.33587368728121353,0.04904908344357208,0.12631685722152183,0.5047,117627,0.0035285252648205308,0.7451793195688181,0.0067039106145251395,0.9234436628308869,0.538720367584272
0.46482861738519743,1305.0,0.36168141218304195,0.09589742539376933,0.2587375473093488,0.5448,47881,0.011249836864314612,0.6089590997619563,0.0,0.7789025579951602,0.1497041645022742
0.46965523791433184,1325.0,0.21913801337153774,0.10581740976645435,0.2107024822445679,0.5185,65389,0.006891217213979326,0.6806084276791747,0.0,0.8785275136518119,0.31824951311719557
0.40898185248432606,1931.0,0.23847452668962438,0.10581231353403851,0.17311685803835355,0.5244,109707,0.008723875165253041,0.7129131266402741,0.005025173865256226,0.9195288129373,0.6546496413840421
0.6755362276111152,2690.0,0.3697561714372255,0.1669702613643341,0.10873240039371763,0.5493,121629,0.0017974065990499421,0.6242443381755842,0.005004697550046976,0.9723727508226563,0.6506476230483792
0.6675618416733805,2322.0,0.3600215420518804,0.1915617310754089,0.14869599065784353,0.4279,67197,0.0033695017516543403,0.6274512485299346,0.0,0.8796656211072924,0.3175248758085576
0.5696239779725497,1832.0,0.30938659894510645,0.042523646608975646,0.09765483191751978,0.4732,80980,0.002210443944270997,0.6909667983324544,0.005831785390297637,0.9158862296219216,0.3570701815238756
0.7915283812912718,1998.0,0.30362711308058427,0.20713103710201017,0.10720215275411943,0.4303,85584,0.002031144211238998,0.598968640682888,0.0018892502523313692,0.9262225290530434,0.30056380163387414
0.5672450144103368,1752.0,0.3136369731372637,0.17923764466811665,0.10857286632714148,0.4935,66357,0.0033750075915980533,0.5990674124698561,0.0,0.9160881174899866,0.35234757454383625
0.6246215051386893,2248.0,0.3504474799811587,0.043991801719948445,0.07818581583497584,0.4229,98926,0.00230544269480635,0.6804210971803417,0.001114393821593324,0.9204657609038029,0.39514079922723166
0.6964072616478355,2176.0,0.29162833486660533,0.11975057550901817,0.10228494253190375,0.5424,86560,0.005733028306827265,0.6594904836776655,0.0,0.9439462183076943,0.44327127410753664
0.5017509931005645,1533.0,0.23724101757146604,0.1755935709053303,0.20059880239520958,0.492,57583,0.0010536866181799491,0.517812715739016,0.0,0.9396250127373391,0.3182126965795999
0.6166144759286133,2084.0,0.35739424928614116,0.19373114108011577,0.12502931421488156,0.5041,66028,0.0017421019129619084,0.6356228780360408,0.0,0.8999853027630805,0.37192827748383306
0.5823181343543334,2196.0,0.21368055555555557,0.18492600122937256,0.1617783177137568,0.5549,78643,0.004526784681244938,0.6480791426215994,0.0,0.915734912995187,0.5313217326915957
0.7905165264779055,2019.0,0.37197794429520714,0.07241758241758242,0.11829281729218627,0.3485,76446,0.005308653104560433,0.636699280044305,0.0,0.9078633836378078,0.2161327332097785
0.451081779833991,2781.0,0.40716410510659395,0.10205577786602316,0.0894762018655824,0.396,101495,0.004209519253767041,0.7510694059525244,0.0,0.938647956963039,0.6361183168230645
0.5455422244512171,1953.0,0.29606677985285795,0.20898604386214753,0.14006647617936907,0.529,90734,0.006949782388583485,0.6412218095153582,0.0015914909601336456,0.8834055138903559,0.43620999260589416
0.5137960073314509,1765.0,0.3531329597554763,0.18309289197337272,0.16285831706565293,0.5062,70480,0.00993527175588205,0.5914872285111393,0.0026805424156417534,0.8722090763678665,0.32975531085171916
0.4279523430491857,1913.0,0.34891887713408576,0.02703201062103555,0.1867254176381254,0.4485,57151,0.0037689033389660116,0.625213022706004,0.0006617455903322121,0.7593507527947819,0.2398582974528076
0.5466029023746701,1886.0,0.3029751945879101,0.1318539727988547,0.15496622498528081,0.5038,71067,0.004298638236988547,0.6509001827584866,0.010633722041674632,0.9199491408815,0.3565450634432668
0.5448372911169745,1764.0,0.5040964600401917,0.07755963005030019,0.1955528480048736,0.4499,61452,0.012476862157032732,0.6709665992649771,0.0,0.7740422912593237,0.24141864001737998
0.5807480295923795,1568.0,0.2667650841065446,0.08072391713580225,0.12307328991707313,0.4512,72389,0.005274137048844807,0.6727113270250762,0.004147303428803709,0.9033664795601463,0.3437521567093791
0.5973366734788055,2155.0,0.1821381794368042,0.08111218803004604,0.07927712897451197,0.4635,90934,0.0,0.6298081854549185,0.0,0.9374192357393392,0.498732945105476
0.3709666227187565,1673.0,0.3546056260341975,0.10679310772282137,0.15292603888677087,0.3998,65503,0.0,0.6452091545390507,0.0,0.8671268989322358,0.32818100783279913
0.5743207136103917,1447.0,0.2619863840471247,0.11497953615279673,0.12938725678525387,0.4884,63859,0.0035431020498766317,0.5999198177320152,0.006340461598643891,0.9058338770874115,0.29802556852509726
0.6322017659701183,1722.0,0.32012109264995775,0.23391720061097776,0.1513691777522511,0.449,58486,0.0,0.5733540043017962,0.0,0.8974612795638335,0.30131124072917775
0.6134560767799432,1892.0,0.48889451904399966,0.09942672350433632,0.18214318694510773,0.4152,58494,0.00832420880440088,0.6745119175949216,0.0,0.8512133669274632,0.2024930380586129
0.7015149477836045,1937.0,0.32089496208424056,0.07436679320430643,0.1809199656334677,0.3898,70800,0.018075474192056042,0.6530630087164826,0.0,0.8206827140820263,0.13108068439151221
0.5847441860465117,1669.0,0.3275089605734767,0.08650577838205302,0.16855414671245736,0.455,66356,0.002507397416548823,0.5935885851461247,0.009633298495933112,0.9180443580010667,0.3468801957524234
0.32652880048531,1975.0,0.36460370118124363,0.11788020117292866,0.19886428424821548,0.5637,66337,0.00789900878842474,0.6779606114007924,0.0023889835766293223,0.8345486827530787,0.3977966248941207
0.433638718342287,2148.0,0.23349565953842896,0.3114017703791782,0.11400474818930091,0.5728,91178,0.0038081924342303476,0.7320652324390177,0.0,0.9193144443438641,0.5407048670830693
0.6732393562378723,2022.0,0.4280848834162955,0.05557052767746456,0.17487547458984987,0.4593,63908,0.00593019610575081,0.6376881101590144,0.004362141293266258,0.8203288903405737,0.18707051418952023
0.6650051124744376,2360.0,0.3351774132010683,0.01436130007558579,0.0923936278323276,0.4707,88280,0.002747349018453495,0.72106029265303,0.003647825471029891,0.8974528782475802,0.4070606214977076
0.8678881388621023,2020.0,0.21804229833426914,0.07914570003870762,0.04956768601375201,0.4037,77318,0.0,0.5292102192318197,0.0,0.9500606973921052,0.294473048962563
0.537857216371059,1628.0,0.3402865414594314,0.0966592289574811,0.24385273536419078,0.4979,61814,0.011013380883168257,0.5504796946459888,0.0,0.8983746283448959,0.337581764122894
0.371525478008341,1841.0,0.2797632834576365,0.09303768640213352,0.13985030210118135,0.4732,77597,0.006922776324886524,0.7518484012819557,0.0035092762861150626,0.932819883873513,0.4249251696012762
0.8030068355946555,1735.0,0.3776077156934689,0.08597908565819774,0.11010128349406686,0.3854,77638,0.00046296955797091126,0.6090416839650558,0.008092938258712962,0.9221317259036752,0.2769792149668367
0.8519683231952255,1831.0,0.34687548457125134,0.11647197209377788,0.12438760396490828,0.4435,82083,0.0016520451179218411,0.5407102174663445,0.0,0.9303967761179492,0.2937044206630386
0.6507782709257985,2373.0,0.2573167457263045,0.04205278680180247,0.0712313172073311,0.4434,87537,0.0020683514055772224,0.651605439797689,0.0026527115460044178,0.9198698728711922,0.41230660829935234
0.6741760423560555,2479.0,0.26454338641533964,0.10315764482431149,0.07543386503313516,0.4589,101843,0.000601545973150998,0.7175893061253955,0.0,0.9358601361270519,0.45491792339516884
0.5946647471971382,2059.0,0.28407684442770276,0.28708714312371714,0.13540889128057354,0.4726,72224,0.008141371708299339,0.633473530399068,0.0010286462392070073,0.8647593836964638,0.3018394081314057
0.7964099308788264,1808.0,0.28615970899012644,0.10984146915711819,0.08024244617333091,0.4215,78235,0.0,0.5643295803480041,0.0,0.9357201598867787,0.30055271864899497
0.8233641491030915,2133.0,0.1981273633035232,0.054395989974937345,0.08988641540731972,0.395,86241,0.003874414457212057,0.5920511520477719,0.0011021773950552676,0.9263734622237871,0.2934445120194616
0.7912225545075786,2071.0,0.27607737512242897,0.10451143308384261,0.11045927209705372,0.4085,95074,0.008734835355285962,0.6428111254276447,0.0,0.9130695520140865,0.37779592461689615
0.6209368484006013,1805.0,0.23911050465855063,0.12672119924623648,0.143638751373558,0.486,73048,0.007822101744753679,0.6556542901932254,0.0022258181698094513,0.9410465363571332,0.4455754693269919
0.5520112036100522,1726.0,0.24392150052101425,0.09191747915783524,0.08374084060752861,0.3877,69987,0.002254619685267279,0.6745192397366311,0.0,0.9348251094394152,0.3411322198138467
0.8179838659505195,1665.0,0.2538452774296457,0.05610037778691252,0.09463614035690363,0.3952,71269,0.003194613812410903,0.5353141356046887,0.0012825755604297558,0.9289762122908819,0.20756274955603063
0.6894457547169811,2224.0,0.28602620087336245,0.07352780509122692,0.11069174793924938,0.4375,83926,0.0022947552764274286,0.6889399434670934,0.0,0.8938545861622784,0.3471497317651164
0.4450497102570138,1369.0,0.38229888307648807,0.12155136763750221,0.2856140576380298,0.4999,56511,0.0057573761360775935,0.6495988901965466,0.01683937823834197,0.9391457043768383,0.5390666842267
0.7475475018740019,2137.0,0.3782597469661761,0.059092302974547685,0.15995135792460477,0.4244,64044,0.004296716659910823,0.6463635917806876,0.0,0.9100298841987299,0.3187896899514382
0.5000681802686303,1898.0,0.26074553926582567,0.09336575163937381,0.14734429391109866,0.5177,84114,0.0066490469446947725,0.6904927374076135,0.008473691464081822,0.9207900475433611,0.48409366772511797
0.5474456858178817,1827.0,0.2962480458572173,0.0739011739011739,0.12443362491700931,0.4313,75474,0.005043504595063655,0.7133411335745966,0.0,0.8587228746986078,0.2902387804308937
0.5063363642872485,1897.0,0.28165337200870194,0.13846438539947878,0.13056054660747235,0.5033,74478,0.0023607899380393357,0.6630583916050832,0.00859091817221794,0.8891463272711884,0.387596407147618
0.3439214232765011,964.0,0.28580306197389976,0.20851912696550107,0.2523559232419992,0.474,47676,0.013933381021988617,0.5618128999183549,0.0,0.8547496110572479,0.20094248156749567
0.393917571460226,1249.0,0.30100843920421655,0.08422814819825152,0.24464916942961032,0.4854,52264,0.004926897994651278,0.6413054396362009,0.007931083582514594,0.9209090290535483,0.4138123426549636
0.47675493492363447,1765.0,0.2582783527719584,0.14201488687449332,0.15811712349218945,0.5396,88165,0.0030309599676043146,0.7037591371051123,0.003781912897317376,0.9467725546239493,0.6212893479902842
0.49740060778059625,1328.0,0.233185088946632,0.13641243642436532,0.1764320261809022,0.4767,58803,0.011257994414878516,0.6200361177710528,0.010805276394397559,0.874863343274258,0.2436468567093804
0.5298606502986065,1177.0,0.25787396429598264,0.12500537611285537,0.1726442243683623,0.4957,57010,0.0052589535348156035,0.6050852953705882,0.009593762478195994,0.9058024388247811,0.27815845665096833
0.6600726552179657,1557.0,0.2531817740211794,0.047828684632558724,0.1619811551167843,0.4313,81093,0.002146722712840487,0.7000031890805881,0.0,0.8764258201373253,0.45527623229936176
0.5291292683734641,1132.0,0.2923964268129704,0.16078104370787297,0.2507605070046698,0.5249,47018,0.009226150767178119,0.5539414757861282,0.008751086641553173,0.8599657514478671,0.26837011525215015
0.4836006207966891,1921.0,0.2295732318172711,0.07882195958825772,0.06507095426540058,0.5115,107461,0.003219531826413576,0.7514546491728465,0.0,0.9642041028304337,0.7102311088029083
0.4767811472415053,1519.0,0.3223001990153975,0.19182673143076492,0.20347767441519504,0.5084,55907,0.01033625827450463,0.624107243619714,0.010203686243106054,0.8815203872917331,0.339013886176522
0.7481098977121114,1828.0,0.26405100539480136,0.11383092855735336,0.09239278266388612,0.4021,84745,0.0,0.7070373627879881,0.0,0.9546379998371203,0.4032765968998561
0.5480543416867326,1306.0,0.2341643096757219,0.09737576473113663,0.16960210271874962,0.4436,69011,0.010490125904978703,0.6383686274509804,0.0,0.935282439992781,0.291481682006858
0.48111870745318025,1815.0,0.24863807204493307,0.149010759505473,0.10533058293404986,0.474,86169,0.0030585311916679547,0.6569947374161531,0.0028844607459132484,0.9184609411339584,0.43769533277208195
0.618652458861804,1535.0,0.2998269040553907,0.04803583611619807,0.12879431278803583,0.4717,81102,0.00408692915558353,0.6545544188339701,0.006251883097318469,0.955714035190273,0.49242415385514704
0.7668871434477057,1451.0,0.2839155878701897,0.040269787740527675,0.13024285634712862,0.3418,78835,0.000988692697599287,0.7035251746216531,0.0,0.7902566508074784,0.21302687127253234
0.6694253960747222,1237.0,0.11504530281354315,0.09446486563648691,0.06533331385411036,0.434,79317,0.00338938479744043,0.6747286880433342,0.0,0.9139233613902943,0.3534496449395376
0.7201234638035183,1873.0,0.18125845737483084,0.0322172741767002,0.05118050813957667,0.3978,95088,0.0004671721709131419,0.7060373917008664,0.0,0.9699170452509197,0.4412201831961295
0.6892153350053745,1497.0,0.15386980247482898,0.04860921734387783,0.09916308919821343,0.3807,82044,0.0028272841594033215,0.67257307950039,0.0060596161698652515,0.8892100574143734,0.23034382630502212
0.649577963967605,1632.0,0.1699418888346715,0.017547342700061086,0.09113752994455022,0.4238,94784,0.0014741932421641604,0.7056133904878547,0.007492478592918306,0.834367250837014,0.41041654490652996
0.6080395115928111,1081.0,0.167868393419671,0.031336381033382946,0.1059554540855375,0.455,78106,0.002425767619245288,0.6965476997807813,0.0,0.9472362757683305,0.4943743864683229
0.7835116924296472,1760.0,0.24331746612962285,0.015260918777565278,0.12805816122312835,0.3932,97205,0.0038529087418823433,0.6944735137290078,0.0,0.9155495175114379,0.39667951970910836
0.4100477715365636,1190.0,0.2701103399181349,0.06686587635936123,0.2751118487516236,0.5561,58903,0.002633857699523741,0.6126656472986748,0.0,0.9464599752491369,0.5201806378775049
0.46534493861171644,1486.0,0.2371841195547962,0.08562540163837261,0.16571041989153207,0.5257,80613,0.005318076362314332,0.6922705103850969,0.006426902474214633,0.8741732376586615,0.46390783557051296
0.5135658042744657,1278.0,0.3855332531680696,0.10216530661711239,0.18483354035739322,0.4368,65523,0.00581717110846011,0.6386604546449455,0.0,0.6403243567924717,0.09802783061367504
0.6144729872881356,892.0,0.17946075905890435,0.1336468968681886,0.2412293597858215,0.4843,49244,0.02056670638666646,0.5465202967159951,0.0,0.9328569236502334,0.2236348889717004
0.7401922047464886,1597.0,0.24636970172684458,0.032839427035822585,0.07504692084695433,0.3905,101861,0.0006167998660663148,0.7004984753181578,0.005429370000321265,0.8338843190337359,0.32741566014160767
0.7834061135371179,1278.0,0.3394598649662416,0.04926041787355656,0.0885906757912746,0.3886,103163,0.004631362275449102,0.7130007304242205,0.005582605292540028,0.8632318638885077,0.2710077033145814
0.7591596937867189,1913.0,0.23418095801301006,0.03468069017666873,0.053056210365549986,0.453,150360,0.004004117002556526,0.6755444848949351,0.008201758532665217,0.9742008808069328,0.7193351328313681
0.5944892123732779,1105.0,0.24215976331360947,0.07687906083874778,0.21805868267753117,0.4772,65078,0.011811586433651407,0.6603782090292334,0.004863647223454726,0.9362043171617868,0.4244763838427014
0.5365804970555944,985.0,0.28505276760715054,0.0662628145386766,0.22392770453403535,0.4702,52564,0.006107183548110877,0.600444715730729,0.012155273820415632,0.8482053679580084,0.2536392035191364
0.663277378097522,1870.0,0.1606685025163802,0.04631944867963652,0.04099361322076153,0.4234,104062,0.001182260945551743,0.7041992461294041,0.0,0.9391349717534454,0.5039761073728906
0.7525807805287453,1570.0,0.41926729986431477,0.03220566137351257,0.1449046053642201,0.4648,92216,0.006298196565178654,0.6452458034695061,0.0,0.9037397319498487,0.5788153912667532
0.6247792076709563,1071.0,0.26894625213387824,0.1086523988304296,0.11565260328084709,0.4966,72889,0.0003200380388068982,0.6030154033591506,0.009723274524659957,0.9479291716686674,0.43077230892356944
0.45984588525675757,1322.0,0.22284758985789913,0.03536585365853658,0.1545845050151673,0.4418,66302,0.005801208954232447,0.6642321816171352,0.0,0.722735150989934,0.18417105526298247
0.33733630864995007,1196.0,0.372413487527139,0.09650891341256367,0.2678995747873937,0.587,50545,0.009582916458229115,0.5925745132946649,0.0,0.9435158784780258,0.5388359060072756
0.7212703820880993,1782.0,0.2296341569894351,0.058971716477728156,0.04611505091689049,0.4262,145366,0.0010627813955285889,0.7063080218995478,0.0,0.9732980024459845,0.7229514879739095
0.5561211268648428,1010.0,0.22451107126475126,0.08796866823100427,0.16155888573871563,0.4658,52094,0.007920435623959318,0.6314255715785639,0.006430704493009366,0.8941279003675588,0.26345505298657335
0.6285174390102592,1051.0,0.21753005254696836,0.06911658549132517,0.15342629644904676,0.457,61436,0.006082358929772348,0.6714364801591397,0.00498902972455525,0.8918651235254841,0.3096817271310928
0.6145577624042252,1330.0,0.20061758178133746,0.0741416715451634,0.07405027135104256,0.3876,83005,0.0013139103113396172,0.6985244324054604,0.0,0.8650919732441471,0.35514214046822745
0.630741528891799,1232.0,0.2103023317670006,0.0915444784819915,0.15661317837722571,0.4247,58647,0.004864591107794008,0.6085733227689472,0.00512806887023063,0.810111722005909,0.22297442720460192
0.5622033185172399,1219.0,0.24426291114519993,0.0855395239856949,0.15750527815051774,0.4601,66900,0.011076101541998506,0.6961318453539772,0.006656371259775324,0.8928743207425525,0.3520557664821201
0.4266670598991359,1132.0,0.18420781893004115,0.03398860398860399,0.1675730223692325,0.4226,57003,0.01665078208218871,0.6945998499010712,0.0,0.8905285473780475,0.257851308378193
0.47129008202833705,959.0,0.28871650211565586,0.14732625421250078,0.30722156356789176,0.4834,41417,0.007026291931097008,0.5695816820783796,0.0,0.8353114111498258,0.2266169425087108
0.6156027354826411,1113.0,0.21863377138606496,0.1500698705875205,0.2131768720303929,0.4608,53006,0.009949113705573685,0.6471691131121253,0.010616399191857584,0.8734521861286912,0.2652609016785182
0.664742526322917,1005.0,0.19358747790961878,0.08664460867682984,0.1045408977833884,0.4494,69917,0.004136189804329261,0.6788800984685641,0.0038232125495966576,0.9313224506552295,0.32863023022157883
0.5720274120999458,1041.0,0.26781489022175753,0.07314358056489283,0.1492329719779096,0.4293,64686,0.006391900184086725,0.6461048046623109,0.0017701114793612534,0.9096277922959944,0.29761852032304265
0.5927591022104152,1107.0,0.18967968553985112,0.07940970516612493,0.16075897877635012,0.4396,67297,0.009848539229057497,0.7373828933322997,0.006623480602663949,0.8788013957336595,0.31019820856865354
0.4831294487412566,1106.0,0.3861929176105878,0.058460020888940464,0.270247731880203,0.5309,60650,0.0,0.6933426498572788,0.0,0.9616599858523933,0.6092431030417355
0.6799547552810981,992.0,0.30575986245104597,0.06446446446446447,0.15702254822059222,0.4228,74972,0.01007523947887507,0.675513024354726,0.0,0.8545734936177328,0.2580777020122257
0.6526493418832264,1005.0,0.30295375048581424,0.07645793722532182,0.15711236698130224,0.4015,61737,0.010160524259003186,0.6644112671912922,0.0,0.8810604096448017,0.2136591478696742
0.6151228276267146,1232.0,0.2170205125903317,0.09415833372455128,0.14073874532591893,0.4258,63917,0.004919410183884602,0.6954265271502712,0.0158676488346818,0.7997930412688005,0.20971476578828738
0.43251084995367434,1106.0,0.28515574650912995,0.057387786996391715,0.1866095913316835,0.4674,67129,0.0012039328473011839,0.7149596177633334,0.0,0.9398325528593727,0.580229175535689
0.7567260256386744,1295.0,0.10094232943837166,0.026494795665137204,0.06496112365186857,0.3878,113624,0.0006236484791789532,0.740068504939929,0.0,0.9509595312767867,0.5346954005022034
0.6020718860462675,1591.0,0.21330987980064497,0.03885226049515608,0.08280257934049376,0.4522,101372,0.004450898853571375,0.7019844557060715,0.0013275603259030448,0.9788758188349651,0.6312812566035078
0.5686973372320363,1018.0,0.17883504492939667,0.04012422566555395,0.14609826470805828,0.4241,61030,0.007143385586637184,0.6463613738178198,0.005760315431176552,0.9166552978626649,0.2790018190086403
0.6035735880255185,989.0,0.20193923924547097,0.0936248741751482,0.14427140477061237,0.4657,65855,0.006080092649030843,0.6704338950984541,0.010893175404723007,0.8858204694793638,0.3180496942152769
0.34323090964405234,1092.0,0.24763757643135076,0.08623373735127321,0.2343618995258058,0.4904,53609,0.008576730121641124,0.6570068277150118,0.0,0.8285480418083365,0.30166225916131467
0.5334800223526125,1281.0,0.2540314731908904,0.05495593623131003,0.12052180130924922,0.4819,69989,0.005888141138205209,0.6985890613287019,0.010635020133229922,0.9272552490375416,0.5110757811741761
0.603212439850294,1144.0,0.23780248161248665,0.08820133996431727,0.15480331646167494,0.4861,67251,0.005533818845621134,0.6526407692352267,0.007479030892807463,0.8924376000541138,0.3363193614574643
0.5338328919939151,1081.0,0.39093546047860767,0.18572857313257546,0.2746700674357042,0.5744,50332,0.010685370896373158,0.602153248077257,0.0073490422988548515,0.8923697997384277,0.37476658829577325
0.5367351414577088,1042.0,0.2610067855452107,0.10878736053424545,0.20389650125280123,0.5344,59445,0.009790869022318882,0.6099153003341363,0.012262708625302586,0.9162255282252544,0.4126203623419888
0.5808154456369575,1026.0,0.3066165727405552,0.19912176208161073,0.2108948926254802,0.558,52738,0.015744064487688142,0.6108029826831823,0.0,0.8679872135622441,0.23825515408375836
0.5921461577675091,1186.0,0.21913555358438835,0.08133544829669914,0.20336931790676285,0.4897,70235,0.017558904280112586,0.6847757140432222,0.0,0.894778357844918,0.43786650613914
0.5284032119846384,1310.0,0.3017646346223736,0.19994819863285018,0.20539380285256384,0.5442,58821,0.008024813910061086,0.6156976744186047,0.003880260058827999,0.9067927620137123,0.4328530682599924
0.5627058823529412,964.0,0.23893223328251575,0.14212662883800212,0.2378976407036336,0.5053,50291,0.009516829031811256,0.6056564346447615,0.008566023818305117,0.8877863114252702,0.3046285597770679
0.48355250791359333,1345.0,0.24343034344199047,0.10610240917293688,0.17686959563606153,0.4899,64778,0.0065244086856076754,0.6643151138296749,0.0099508623431587,0.8888958736704469,0.3812014383062184
0.5576344023153156,1837.0,0.19547977795400476,0.06843681917211329,0.07452230755165479,0.3929,106197,0.0,0.7305831030564868,0.0,0.8927910967462472,0.4678873098645519
0.5163004560358798,2002.0,0.226507713884993,0.07292103424178896,0.09309748070812528,0.4435,119888,0.0015887426236949613,0.7373274980297466,0.0,0.8292480735535166,0.5228818508958682
0.5929317724068479,1657.0,0.22288364901430227,0.055831228643589366,0.08707930668186646,0.4143,86745,0.002655646811928388,0.7161283210230405,0.0,0.8931849687160466,0.29849012775842043
0.5487653624985906,2291.0,0.20523071797434617,0.04784569138276553,0.0605729312866577,0.4046,142536,0.00661870078449333,0.6956875220926122,0.0,0.9485961386198916,0.7196743610045273
0.35910257409899754,2196.0,0.22105263157894736,0.0724285399830194,0.16532385089017232,0.5195,97791,0.007449127328846674,0.6915232501824681,0.006988695772258281,0.8862922089732798,0.5539775731453008
0.5803666858505303,1700.0,0.2631269592476489,0.0319165870741802,0.13032240771940573,0.4812,75210,0.003934369735028335,0.6836674672810157,0.007546155224950708,0.7938873596987892,0.20294650370095696
0.3160179424106497,1273.0,0.2811508356251322,0.07530718283790112,0.15197873407991802,0.4296,50778,0.0019963489233594174,0.6222709651091614,0.0,0.7931454005934718,0.15525222551928783
0.4880155473979702,2112.0,0.20982707718262336,0.05393258426966292,0.07449002979601192,0.4252,110159,0.005772977309190924,0.7510574507738433,0.0,0.862561035618305,0.4524584579280064
0.24968796614813235,1737.0,0.2612894064186311,0.025656997093195705,0.1671271808636615,0.4262,62061,0.0038344855586507124,0.7226283505587766,0.0,0.6831302116741501,0.15791481025605464
0.45998469423250854,1614.0,0.33144378596581636,0.03409269090338911,0.17406267925118632,0.4534,82956,0.012671429316368566,0.6976451573304964,0.004472206337336325,0.8160085296611258,0.26210723736608177
0.43538461538461537,1789.0,0.32702593601776164,0.04598825831702544,0.1345675384464688,0.4823,73340,0.009158585561759231,0.6825328296456197,0.0019152039077187989,0.7390408337504049,0.2381281832366709
0.41460207896791157,2314.0,0.1785513756316676,0.07866146799409471,0.08750619360069668,0.3916,113563,0.0016366120628819388,0.7466484607745779,0.0,0.8517542615075907,0.43861604880718325
0.4477185374987681,1225.0,0.2564685938615275,0.04516796838242213,0.21913425972208336,0.4531,57240,0.016565030490852745,0.6380252284689145,0.019731556774762418,0.78970937396688,0.17714062453040003
0.48293402974906324,2162.0,0.13812639992972903,0.046489974448919495,0.09726735309086638,0.4213,101775,0.003229847707786869,0.7257293319231447,0.0,0.8952529360343583,0.533452421674078
0.33075016382233113,2575.0,0.1197956577266922,0.03833086744479149,0.08565393947775361,0.4528,142553,0.002275556002564715,0.8166502015859878,0.0,0.9466583245098983,0.7379439792087785
0.5373467513997155,1080.0,0.29732674423129307,0.06772179517303883,0.2375303892495525,0.4681,57384,0.014673666212497662,0.5672493192208722,0.007648604606779512,0.8187587140162388,0.21421102271795292
0.43552384619086576,1614.0,0.3089924760747703,0.07363775174704368,0.17566019580590472,0.4723,71042,0.010574333440247633,0.6508151944358403,0.012530070438379398,0.8569618412579714,0.34502122238147664
0.7168723588839448,1384.0,0.4430167045566868,0.04431666220914683,0.253285498489426,0.5004,59786,0.016852341389728097,0.5415058392715756,0.0,0.851593263463985,0.31276125280184164
0.5096885632424043,1091.0,0.33490074337845344,0.2199948202962907,0.3452507098230709,0.5208,39209,0.01759543700890148,0.5457159794907229,0.011960302586662733,0.8347589980668171,0.18847380052689616
0.6430546372543127,1554.0,0.27927927927927926,0.09816782307025151,0.09046996919610217,0.4217,104761,0.009864438877635412,0.6774979928472374,0.0,0.9610725920975691,0.606181605546738
0.5426104507737161,964.0,0.2735964697229713,0.1934156378600823,0.34371669598490007,0.454,41410,0.010593084320951195,0.534198850143732,0.0,0.8932798358433183,0.17117364698985013
0.5347453089786212,1362.0,0.2140180913129583,0.05457392082308209,0.15134339914827719,0.4143,70515,0.003985030326493741,0.7025522428981844,0.0071519470603206925,0.9045310884438545,0.4322976629585903
0.4322859869138495,1107.0,0.2444924665346059,0.08756218905472637,0.18915947283182027,0.4683,59226,0.002466457661619839,0.6566813074733916,0.0,0.8968097391973824,0.37320758348570876
0.5292676611762831,1003.0,0.2629574783160567,0.08065697440216794,0.2263233418367347,0.4255,55366,0.017697704081632654,0.6881483571335562,0.001482252392891496,0.8786279683377308,0.298518770082813
0.8570446190060568,1324.0,0.24440333024976874,0.048039882166326764,0.05808165699723472,0.4134,98834,0.0008133167055251315,0.6447160985191119,0.0011625110238114326,0.9623937494633811,0.44267479465384507
0.5115383493304548,1388.0,0.20420474228035598,0.1272120795457439,0.09856769444148085,0.4322,66815,0.0015336605142430386,0.6203565089898911,0.0,0.9635548559304633,0.4315755252891657
0.7491986076422349,1443.0,0.26519250372461384,0.025843902065213226,0.12728076882711883,0.4264,81102,0.006027076867719156,0.6051341401181016,0.0040508997816429484,0.8578342723937155,0.2867043684601152
0.7217951064738544,1615.0,0.14946814343678036,0.05386214063041219,0.05458205866474716,0.4269,118720,0.0017320496670865575,0.6778931689354132,0.0,0.9372718585013552,0.6443420908336075
0.7049741767700817,1258.0,0.3534670060214787,0.04143112952494646,0.18740023723402696,0.4457,56281,0.0116347181747624,0.6294356870366371,0.014422939477972498,0.85614642332704,0.22061044682190056
0.5999395222255821,1202.0,0.1719920291348863,0.07196795754885453,0.13862428679873645,0.4016,61390,0.01459460783113353,0.6783881791781399,0.0,0.9337041233220036,0.2912933017475195
0.652147426134633,1255.0,0.18642732049036778,0.004367077091041427,0.06364044367506572,0.4097,64645,0.0,0.7326309839694777,0.0,0.8786254903044031,0.24982045190873434
0.638841742529445,1560.0,0.18264027342637426,0.035398010567310796,0.08426554190353934,0.4373,86097,0.002257931413900605,0.6809541204962726,0.0,0.9530888668648827,0.47939754332222123
0.5735473384802926,1077.0,0.21170795616960458,0.047162734422262556,0.1581453336499644,0.4914,69255,0.008406554262645452,0.6941844240642653,0.006127546639606588,0.958568143115465,0.4218149260020014
0.4646390374331551,1340.0,0.21851378737381985,0.10027526543452615,0.15075765122047807,0.498,77732,0.0028790017516964242,0.7244510818054747,0.0058465456465363295,0.9266833659707855,0.5694070593770975
0.6544659033961683,1500.0,0.20728510068611591,0.07648765552964631,0.06411516163898988,0.4646,90020,0.0012446365988667257,0.716783004552352,0.0,0.9575806659858915,0.5348193011491015
0.5274168213622733,1000.0,0.26212418794379816,0.06097683617713117,0.19597982268419445,0.4115,66580,0.007337205747477835,0.6897315932036444,0.0,0.9215591694230062,0.3475973906651966
0.49766667703699097,1247.0,0.22758802217198773,0.053991612096240156,0.16937352657522503,0.4878,70182,0.007082484997856837,0.6913733898527865,0.008905708802927775,0.902883373270617,0.43847193049926536
0.5676723464123808,1131.0,0.3154469192941857,0.14588229010895107,0.24828532235939643,0.5257,52946,0.014673483809286278,0.5830042832284835,0.006916343808293873,0.8647355212730774,0.26973133863782267
0.5008740393812461,1101.0,0.30684596577017115,0.1905975946714364,0.26321810421952685,0.5137,44516,0.01658771247965035,0.6246564515259839,0.006154023120722379,0.8955617778636027,0.2734704386727173
0.49049415385770323,1161.0,0.2169220568734345,0.051262419429507496,0.16028169715894464,0.4766,80543,0.0019100927640703245,0.6738542279328598,0.0071034362369244404,0.9582156231522239,0.5855200052558964
0.5934664945971454,1177.0,0.2755614517198901,0.1002097090070885,0.17889843169658878,0.4492,58535,0.006501907170460141,0.605545671424528,0.005341969517386441,0.8655541597999331,0.2379366378167821
0.5757712105395774,1292.0,0.26525179245683256,0.09854630410798884,0.15699416325189688,0.4758,69958,0.01025316181779195,0.6915856454997347,0.004625099436118014,0.9194054666112457,0.3911708638507073
0.7433384088313666,1464.0,0.23655913978494625,0.026744159121957996,0.04259947601887845,0.404,102857,0.0008606910119267183,0.6732381303432777,0.0,0.977215295326428,0.5292549498764266
0.8587604805946927,1528.0,0.27600979192166464,0.03949189129351857,0.06495560663896914,0.3929,113996,0.0007592213762996394,0.743612596553773,0.0,0.9446054201465826,0.4552117390024327
0.6432287459204447,1380.0,0.24490535277601666,0.06487580830362,0.12093977361609186,0.4247,78391,0.0029810658048139787,0.6557163111426177,0.0,0.9542089826213611,0.4109818631656657
0.6129543533389687,890.0,0.19364819364819366,0.15260408894194896,0.14558266404000605,0.4474,57010,0.003409607516290347,0.6289851959257469,0.00036998036258075536,0.9110090578176585,0.20926098366206722
0.45957601404764625,1044.0,0.2573854370261556,0.14915795619769426,0.2171928152736379,0.5331,53374,0.011786172024185476,0.6715548515660927,0.003962819244718354,0.9083551546891669,0.44967025506740377
0.4457456636868746,1007.0,0.1583284423054349,0.0990609723215437,0.14719188043444625,0.424,54414,0.0074635640684469476,0.6448786459515409,0.006313589147452168,0.9273857253837431,0.3263356222486137
0.6233786052189837,1182.0,0.23191855753646679,0.05871368549574461,0.0843051752695805,0.4712,69112,0.0038535645472061657,0.6751985431736557,0.011552292478273898,0.9329764758943195,0.32491039001115674
0.4538949036176393,1331.0,0.24055896716793193,0.058053924982588795,0.09714862477920767,0.4281,69832,0.0013280741596610754,0.6834941739938523,0.006066057271947623,0.9762870570575937,0.5397508979467843
0.5761830147289251,1122.0,0.2164855072463768,0.04416004553045223,0.13424849986545095,0.4433,72008,0.0014083965597380312,0.6976548007583917,0.0074896694214876035,0.9363058328954282,0.44642669469259066
0.568371702815407,1229.0,0.21578267381635663,0.05612874676852132,0.14220467613071144,0.4651,71640,0.007049024085555966,0.6914509612741615,0.010977059558142413,0.9081766342662491,0.3982942989406436
0.6361047647428894,2090.0,0.23506217773733698,0.062274891326847444,0.060205732547688004,0.3778,111128,0.0023329671427144713,0.7190757806342235,0.0071627015586976156,0.9464032600992204,0.35355023033309707
0.673516174997531,1863.0,0.28639025128016765,0.052088905531186475,0.08760640774355231,0.4747,95415,0.003089488840478914,0.6421015225651259,0.006667730949340145,0.9294338917225883,0.3831178492539762
0.5663430931315896,1688.0,0.2945553109821542,0.08352703440347903,0.1392117778814191,0.4771,78556,0.006232343426481816,0.6487033334437976,0.006689352378735977,0.8722715023339839,0.2798901554138604
0.6416328777564869,1902.0,0.3033292960326135,0.04858837867510047,0.11172139848645687,0.375,78969,0.002818203609218231,0.676607087814048,0.01988463191935784,0.8226836144942491,0.20501555635465363
0.42587539790814005,1419.0,0.3222830518345952,0.17741030465062546,0.18571860484292113,0.4711,56747,0.009301047192370062,0.6450036679941312,0.004254930235392083,0.8063819994114496,0.23228123655954547
0.4939522665491758,1654.0,0.20549002858363177,0.08697401177970733,0.10970610688403831,0.4807,85605,0.0024421747294613104,0.7047076656561282,0.010453732554066262,0.884085581053266,0.40001838695343506
0.6210278988069439,1781.0,0.32631072052007465,0.05661960919342343,0.08513803487386624,0.3976,91545,0.005671060461258272,0.6784993509114512,0.003697987008810856,0.8585935710468046,0.3163701611055967
0.4731962517797424,1814.0,0.29407081500104754,0.07072893055313388,0.08612093191913697,0.4543,76393,0.0002492974345027649,0.6977554806511458,0.006141448033613194,0.8790828907711948,0.3009403109496966
0.5125375812621008,1579.0,0.31816714027383103,0.09500270662981851,0.1828951054548365,0.4229,63515,0.0135120262536519,0.6567387577475933,0.011154506480858625,0.7629352728454756,0.11943439925236683
0.47413989992317757,1705.0,0.2459825482686461,0.06303134058323444,0.1178105225894951,0.4051,88821,0.0031682817823797515,0.698323263155694,0.0037124081253835906,0.9128971651445966,0.3769144786910198
0.5316893686493336,1772.0,0.21140538009261667,0.035760437959634406,0.08860773444129738,0.4391,94787,0.0,0.6870583011630632,0.0,0.9381808749783849,0.400239206870713
0.30074697458981636,1799.0,0.1830013528012315,0.058706131597531394,0.08722390063779792,0.4252,87918,0.004954682779456193,0.6682070240295749,0.0,0.867908086912046,0.4136846691545587
0.33613445378151263,1284.0,0.32136151656471446,0.10242159587137753,0.33891207388604455,0.5083,38735,0.010124912159933457,0.5890523639490756,0.027293789076136978,0.6367748008356866,0.09369332139495373
0.618989617771591,1774.0,0.2857360328817172,0.031948343627175746,0.09383044829116734,0.4602,86591,0.007811806480248557,0.6407613114844471,0.0053126277073968125,0.9048922964585615,0.370603626627723
0.3296156543226367,1446.0,0.21045028890217174,0.05413600328479833,0.13971225269496798,0.4317,65313,0.007484838585976225,0.6443745598086908,0.0,0.8195957920138758,0.25807850382715586
0.271221622566478,1632.0,0.24608742579600648,0.05670060596067439,0.17378925593028535,0.4011,62114,0.018322437417559845,0.6726579265492779,0.019866258010587907,0.727515751175792,0.1407068062827225
0.2707598812395621,2182.0,0.19222409533806206,0.07508134587192047,0.16051564127392945,0.5166,100751,0.0007420495875468772,0.7139167873684881,0.0012373685295937306,0.9129299066258042,0.584431062601932
0.23496083986002333,1475.0,0.2479246835596215,0.09221705843299073,0.21761490431583452,0.4837,58490,0.009164899578185906,0.6452934149255187,0.018084731247796082,0.7915991127644548,0.2148860618478769
0.26061326143581776,1586.0,0.34672435105067984,0.03497089433762569,0.22736512900703676,0.4735,56325,0.011059776814272514,0.6568953150364302,0.0,0.7212777165844547,0.15224366649106844
0.321100351569728,1650.0,0.34287271736167896,0.05303428538052684,0.1824658978914131,0.4736,60703,0.010721841043056854,0.6624928383416505,0.006304364174165894,0.7308952837729816,0.1059652278177458
0.8256371973978884,1855.0,0.18470948012232416,0.0872855578537535,0.05171835356775912,0.384,98384,0.0,0.6584944309307387,0.0,0.9443057676494773,0.4095500998472924
0.3710606461864407,1390.0,0.2518027264592873,0.05068979604663587,0.22426782023334876,0.4419,55393,0.00624597625851339,0.6632275827932373,0.0,0.693843126229969,0.15087620654109268
0.17978210530311658,1593.0,0.29721849400657196,0.05053162732023788,0.2389201587469254,0.4642,64430,0.007710996091686913,0.6714648919464593,0.0,0.7593446863548179,0.29842638499676655
0.6252507805480453,1227.0,0.25588727953492957,0.06933970729174224,0.14694382193323222,0.4629,71494,0.00788527611137862,0.6318376520017427,0.003847086011558326,0.9060279040508055,0.3916277862237167
0.5848447100057007,1121.0,0.28723999389716726,0.06888552499655966,0.2120264074188989,0.4601,58871,0.0018702382183610853,0.651417658611747,0.0015657793916780492,0.9198232323232324,0.3736111111111111
0.8174694740890299,1479.0,0.19568080063207796,0.046807340710701764,0.06725341751157005,0.3675,98374,0.005903177193404849,0.6582791319011015,0.0,0.9506242759685931,0.31632127686961
0.6475504257673977,1693.0,0.263265829274545,0.108513551608876,0.10255666607174728,0.4686,82121,0.002164019275388185,0.6132848503213262,0.0,0.8914900214229338,0.513643026271282
0.38108976326396987,1317.0,0.27459666754826767,0.07416458285974085,0.20717371756913833,0.4815,65231,0.005625370090137509,0.6513037071250262,0.0,0.9329779131759329,0.4788944870818443
0.4660173883965892,1142.0,0.2962818003913894,0.12387481414749547,0.2303737971872687,0.4964,52211,0.009988897113249445,0.6210133001201014,0.009619654752524891,0.8877038361646868,0.32647315536254096
0.7287368967941078,1113.0,0.2555205047318612,0.05871353777112939,0.15618500544716252,0.3979,66230,0.0051075991454321654,0.6403645619508991,0.0,0.9291578745444082,0.29856128908497986
0.46774901272487934,1735.0,0.23210672262609608,0.0776674025018396,0.16827079358349234,0.4813,82126,0.004522648576072362,0.6704567872451084,0.0,0.8632026317402587,0.36631862855274716
0.5633839706652698,1972.0,0.2862094247817103,0.020635011115544662,0.08347173525250662,0.5431,105762,0.001550101494740727,0.6447692947207981,0.0,0.8773357293798566,0.5126208422769097
0.3267648050050138,1811.0,0.27375159319650155,0.095777486922201,0.1797077073174947,0.5563,81228,0.006373026567119432,0.6374807505398412,0.0043921256070012515,0.8377779372163303,0.42518557476245333
0.3888779169481836,1090.0,0.2914632694368377,0.11650993645079528,0.2910977607864555,0.4915,46882,0.014585702904614212,0.6111072362685266,0.007047678831283705,0.8598635370035408,0.31450041553471286
0.4564817249539837,1212.0,0.3366594097726173,0.04925,0.20087930018583147,0.5103,58429,0.0037317379020683195,0.6541124579009454,0.0,0.8598481705799386,0.316124616278105
0.4186786903261256,1081.0,0.27308109310277723,0.11144617240339465,0.2602791369844723,0.4789,51770,0.011545620910925928,0.5779783277247331,0.023971696404941987,0.8556065928127533,0.3526506349635234
0.4372342481638964,1789.0,0.2893019661715463,0.05379981940999646,0.11503074109804035,0.4658,81868,0.0026061539790643764,0.6185713085603876,0.00775923729504115,0.8162335238768735,0.35860818093124064
0.5498037163046323,1611.0,0.22468317637484014,0.30485564065712156,0.15435672927552604,0.5003,78996,0.013535680531867511,0.6340496929887192,0.004710695719084886,0.9317605276509386,0.5766375604154984
0.5047262598551173,1720.0,0.24602960256308418,0.08342087865857323,0.11933873320446378,0.5009,86416,0.0033496738191779877,0.7411032889685689,0.00718214448026968,0.8994489059809725,0.4939580741243449
0.6149360736049707,1596.0,0.16005709675417365,0.06664733566792318,0.0769216874542778,0.4262,86964,0.00465124680509018,0.7195669486732609,0.0,0.9243525169955688,0.3954806924834173
0.5307571096270729,1670.0,0.23671165408724576,0.08844672745056463,0.113780644984369,0.4515,82916,0.0032598859211320132,0.6944131789636123,0.001380321540461749,0.9313396757915924,0.5894347750433829
0.5172331401947315,1372.0,0.2613709477852017,0.10481680319979467,0.18231438237308384,0.4527,54562,0.010375740848493586,0.6526967532231265,0.005583893116295491,0.9223881752050767,0.2835087447763504
0.5353762678422789,1362.0,0.29679516953088714,0.11545908210847809,0.1706471265869387,0.4563,67005,0.019536121040818023,0.6855197539343626,0.011347795783237498,0.8767866549604917,0.25058823529411767
0.4980215203054495,1314.0,0.24803700118317737,0.0686020949178844,0.15174749615592403,0.4831,63516,0.006770422086467468,0.6443785130579796,0.00473954043055436,0.9068130068309831,0.41371389765509525
0.3399519081970335,1000.0,0.2777377001875631,0.12090832984512348,0.24292047814130985,0.5246,52016,0.01214434031090409,0.631621339307064,0.0,0.9106464615146113,0.35867374622122317
0.5467230008244023,1199.0,0.19983631155367618,0.055535008662137696,0.15271618879738527,0.447,62483,0.012807447599636434,0.6481580408300076,0.0034745228591282987,0.8753457567690409,0.33067982598532564
0.3863248574638978,1398.0,0.26624169266241693,0.07080433101314772,0.12610985125110505,0.4402,60517,0.002459930045739324,0.7594972067039106,0.0038157410812798822,0.9038105572221867,0.26926022850577647
0.4955571587733557,1661.0,0.24521384928716905,0.06707561235356763,0.13269730775075514,0.4908,85060,0.005324962165290323,0.7214464715923536,0.003245391175355164,0.9306855387394454,0.557020280347731
0.47889681623896896,1541.0,0.3379802894211577,0.08416932098949186,0.15546611909650923,0.5264,63165,0.0064394250513347025,0.6791246008153949,0.004499071727670646,0.9562254656431641,0.48028515183636383
0.5787570725424352,1271.0,0.31631249044488613,0.06519832123568062,0.1637062577108168,0.5376,57758,0.005943967383755607,0.6266570768450144,0.002806449330618598,0.914921339639031,0.4389598011774925
0.6517421653669792,928.0,0.10181147266018115,0.042453225941773635,0.08777770409178327,0.4529,73877,0.007082697791630745,0.6746758081528821,0.0,0.9366388670912641,0.42978630216982683
0.4122021780948486,976.0,0.18112711624191513,0.01915020056455207,0.1260750868814686,0.466,65479,0.002121656869529509,0.7459244567392175,0.0,0.9466097472597156,0.41814249479119486
0.5394344295340667,968.0,0.30594737895158064,0.08350488255476379,0.221312669641749,0.4526,48521,0.01409476734460411,0.6400338520128483,0.015526705934206835,0.8808077504166472,0.24207591545566406
0.4942956436269175,844.0,0.24586977648202138,0.12144949884348497,0.3222805521903651,0.46,46320,0.01574909139857316,0.6063414449245698,0.0,0.9012544968176367,0.16663591919564616
0.40108519909018664,1115.0,0.30616563715396933,0.09302513437101935,0.25693040978807713,0.5408,56910,0.011841482897657173,0.676004666381237,0.009488559110295058,0.9100218844324127,0.42367865946736355
0.4611373578302712,961.0,0.2705221457332121,0.16314009166654464,0.28269147482156015,0.5028,43383,0.011412276211956736,0.61531787374484,0.010651452372171724,0.8480322251698581,0.24020019613282334
0.4586814572040842,1383.0,0.2582784541296795,0.091402627865638,0.17152652599582935,0.4471,67084,0.0072820573993567315,0.6972273744931254,0.004806092434564086,0.9008554514597803,0.38683457318773457
0.5218140453009469,1042.0,0.2743047052649991,0.1818853670553457,0.2552809884416102,0.4712,45846,0.010019928258270227,0.6005526285394437,0.008225582152262035,0.8954946273907831,0.22086521977837287
0.5979981543266841,1004.0,0.3031078933427512,0.10635328448631332,0.18049495027368745,0.4472,52749,0.009205149949888213,0.5941945655197997,0.0,0.8692335947797152,0.15691104340874226
0.7258299006542283,1090.0,0.2185152452496686,0.04696475478451635,0.0740944579546909,0.4003,73861,0.0041085370536285675,0.6912006079027355,0.0,0.9157714022760659,0.25103980460522823
0.5309901515598278,908.0,0.21032494476477878,0.09823748385626377,0.23091596461263889,0.4468,50562,0.015398491623328023,0.6279138067425524,0.013903452854243836,0.8931777731613787,0.22741130431365064
0.7233192136417943,1367.0,0.18049776242443274,0.053342655617018654,0.06189607796215766,0.4067,91077,0.003416208009109888,0.6686726397016935,0.007202936939448859,0.9444510796866042,0.3848055608637493
0.7104708362614195,1276.0,0.2535059331175836,0.07845629857046915,0.0706745835395019,0.4643,105339,0.002752350321622959,0.6404424999671541,0.0,0.970049423907451,0.6027533949702989
0.4793647945451283,999.0,0.2142569935091045,0.15853842669485127,0.1975212438309399,0.4341,55506,0.01251747127289819,0.6199553615294993,0.0006113438242952564,0.8943076654443862,0.1998079273616204
0.5743152058941533,1090.0,0.25152086367920484,0.040776699029126215,0.14327384189449746,0.439,73618,0.0021423509830095088,0.6172852701992536,0.006825199849932181,0.9459482569076295,0.46655510224024627
0.5696821684331631,1178.0,0.21052463058130413,0.07619290066983819,0.15310652782086273,0.4799,70040,0.008853839082684212,0.6772412902021728,0.004162802405999099,0.8924221043064787,0.36778644054087994
0.5101557554932634,1099.0,0.22129795211998846,0.08840621522482793,0.16886131321697986,0.4991,60930,0.009195197071820739,0.6486346306086609,0.006233370275287703,0.8829287990570568,0.3496565824129451
0.5027636207020314,1934.0,0.2805447283576344,0.043419546807049667,0.1001731894528648,0.4184,99592,0.0005738822106762587,0.7186999313344015,0.0,0.8947283071392856,0.4993716131299072
0.48246436853487584,1492.0,0.3269729389553178,0.06555640772798656,0.1987756697926575,0.4648,70781,0.002030824176144819,0.6268186648632982,0.015566721124502943,0.9453057153420865,0.4346738205174504
0.5453135386660758,1638.0,0.2643491444661035,0.03739779594738713,0.12898965043062893,0.3932,76952,0.006169935586596222,0.6394787699332075,0.0,0.8653952242099456,0.23796201434313186
0.510488394363628,1965.0,0.22576738553262843,0.05435649755277173,0.10182320745391642,0.3937,103064,0.004274286551099233,0.6974568743351575,0.012311514331986352,0.9211768212413999,0.428193537169966
0.575984273466936,1393.0,0.25434642627173215,0.05993172659839326,0.1465379930666167,0.457,72324,0.007202754614447672,0.6123959296947271,0.0,0.9059002552523071,0.32287780613914524
0.5071751483430078,1648.0,0.276766576841699,0.06799641657618416,0.12954985568492305,0.4803,91478,0.0018819520318824816,0.7083607911481451,0.005161495347222044,0.9412982492065117,0.5452544281765127
0.541248259723333,1507.0,0.26273648866791505,0.07078074895748751,0.12429549231287695,0.4092,79638,0.0032944813080310973,0.6306866307822618,0.006693382432578793,0.8721216638848828,0.3076274894265204
0.4428907624465922,1391.0,0.33059918795882376,0.0878074197582326,0.20972722593926918,0.4185,47463,0.013514186575465277,0.6442736483015146,0.020589454881821952,0.8108619015991416,0.17428345169365964
0.5018794556059624,1520.0,0.21207390059849077,0.04929143561306223,0.14896527198369602,0.4586,75194,0.00689362749791413,0.6556868271912202,0.0,0.9172406006548492,0.37810018441157656
0.5337127845884413,808.0,0.2310902451747522,0.09757007704633755,0.22719725164614943,0.4606,47733,0.007695390781563127,0.5952427834442563,0.00703495423971772,0.874025974025974,0.260562222587539
0.5187078557338973,1500.0,0.311093566110155,0.07973653845901979,0.1970841401368757,0.5101,60521,0.004806850578677391,0.6489015374193624,0.006171247004671333,0.8888028038429833,0.36365230290757344
0.4829961467723099,1304.0,0.24056539970242122,0.14838636674944763,0.20146883684001587,0.5391,66954,0.01034282311574888,0.646341871631699,0.0034008516515134078,0.9461843246664947,0.5325346400018756
0.4272214555708886,1119.0,0.33441575446498717,0.05857433348395843,0.33413820117403387,0.4602,40081,0.01017352950645504,0.6315898828157465,0.0327653135074676,0.704362433541728,0.14019015291896852
0.462871118961886,1102.0,0.29218315203642803,0.1637406965513323,0.2828279941702626,0.4926,48762,0.009144686080073157,0.5251985956737691,0.008625469780050521,0.8495966230743437,0.2581809574531037
0.689049883509399,1458.0,0.16185979677717335,0.05861675279413532,0.1279940948514486,0.4621,87189,0.0043550470566525185,0.6555768482630434,0.0,0.876611887992923,0.396464904222381
0.4976877483228034,1229.0,0.176996887966805,0.035130718954248366,0.12497878285393464,0.4112,64338,0.0024546605909464806,0.6825615990269079,0.0,0.8366366697951747,0.23038701485121182
0.4101876675603217,1429.0,0.2862718089990817,0.08969444478682624,0.2592860375525703,0.5141,61797,0.012247083107966399,0.660679938895795,0.027661805178514593,0.8381101101101102,0.33966766766766765
0.7216468662697181,1499.0,0.2312449310624493,0.03480866131009124,0.08440670996456345,0.444,91424,0.0006410023825937617,0.6819296921334986,0.0,0.9298045704295704,0.34256368631368633
0.4240681126532623,1249.0,0.28008552229688455,0.12509426702577914,0.23771809093681234,0.542,55233,0.004021856482359049,0.624786437113944,0.010596339924274296,0.9279093461892101,0.47712531994731744
0.4349113268239916,1404.0,0.16684298020250868,0.09077026607309245,0.14360423432162286,0.5537,81573,0.013987881855116471,0.679810571540164,0.0,0.9197589900535578,0.5839517980107115
0.5007275108217235,1519.0,0.2141634184547011,0.10850601550085935,0.09614311505005745,0.4237,61445,0.006925980633513868,0.7048354178153081,0.0008783004885546468,0.8988199990975136,0.2771309958936871
0.5352791957658701,1421.0,0.24294089898241122,0.08598826391870616,0.12132785763175907,0.3949,71309,0.0022587268993839835,0.7354148485729984,0.0,0.9019009240037449,0.341331867952945
0.6560800974479337,1210.0,0.22693503800967518,0.09557717110920035,0.10594778512072237,0.4181,75467,0.004305437414120265,0.6664221500811587,0.0,0.9348767791489206,0.3712824433038477
0.5863055073581389,1105.0,0.14576051779935276,0.046575510329122716,0.07042936966964024,0.4513,77208,0.0010685226938535438,0.722623420098535,0.0050827065207605234,0.9412276186368759,0.39668053256166613
0.4910686038305225,1396.0,0.28597728631201436,0.08126236710601335,0.23033003835142873,0.5037,66060,0.0126181602117431,0.6554450378993827,0.008207360274814822,0.8978186520172304,0.3370109947283453
0.5106569743519408,1356.0,0.16803071921071808,0.049338931337523144,0.11690769544850113,0.381,73465,0.006714964383652345,0.7167983023216594,0.003019341430658079,0.9491770042266588,0.278950895158242
0.48893734138756834,1316.0,0.26800951181983496,0.03806216476413148,0.22003670847353932,0.4686,58050,0.007326399510553686,0.6195610177911063,0.0,0.9105685369152559,0.31763910265379414
0.5160023684128517,1107.0,0.21119052218144357,0.06448791580420396,0.15792213639497418,0.4624,60606,0.0025326073192351527,0.6533857621123113,0.0,0.9364202350209196,0.43993353752527375
0.46106723990064935,1289.0,0.25401450802901604,0.09574982374861517,0.20675139041317406,0.4927,57298,0.0018715571036991088,0.6869403695942085,0.0050266934756985375,0.9010619010619011,0.3730310093946458
0.4454690427779771,1263.0,0.28245130955547726,0.14028359022343784,0.24017634431612242,0.5271,52679,0.01481573122371052,0.6283201440434145,0.009595569939447378,0.8678783545974483,0.2855282366116066
0.4804458836716901,1680.0,0.23702505094090853,0.1062503478599655,0.09218979132280845,0.41,84457,0.0,0.7526011388367171,0.0,0.9577655732027114,0.4138340507644352
0.5176266272010631,1669.0,0.2251782930204309,0.10473630700008653,0.12099605025667472,0.4833,80090,0.005265347741496918,0.745696097714249,0.002549143767052491,0.9206248827018956,0.5074989188174719
0.5805717863105175,1208.0,0.26777451614508185,0.1312545322697607,0.16635592508608382,0.4437,60605,0.009456622155034853,0.6175861384078464,0.0023431039235504918,0.8970810142238713,0.26315398886827457
0.5831304215492314,1123.0,0.22052873353411823,0.0983602808333524,0.17750468140841325,0.4745,67187,0.0052646658548814555,0.686860719227238,0.0030122183105220552,0.8707560209100667,0.30180607998023273
0.5296649604467194,1594.0,0.2832928372932156,0.08031769607411231,0.12246503232052278,0.4307,74388,0.006431330234059074,0.7056660967376259,0.012017075963185502,0.8537537015773252,0.33599368465582885
0.4123434114126509,1770.0,0.21499285335506008,0.06561069394146254,0.11750480229153328,0.4986,90430,0.0034944443473765457,0.7554927913810923,0.0031111895650638944,0.923197227094529,0.6070314956778174
0.5034289986023986,1354.0,0.26024348736745645,0.11494980295141385,0.17199864806591844,0.4394,63006,0.00793678542708297,0.6455153331796173,0.0,0.8110883707331336,0.15340618375849718
0.622746751921638,1230.0,0.30310133429498737,0.15199584679280112,0.2523679665484956,0.4885,54065,0.012771566221252613,0.5918999228780112,0.0,0.8809179863174248,0.24954345989261087
0.6411335534905154,982.0,0.17526964560862865,0.05071227563681962,0.2039530281039715,0.4684,59491,0.0092993798654176,0.606113405314931,0.004334638629212974,0.7622745363705649,0.2816580574138369
0.5377261277765056,1217.0,0.261671826625387,0.0821291576900846,0.21313814068815598,0.4332,62131,0.012329744234231175,0.6666760611014035,0.0,0.8676750231154376,0.3193942883062054
0.604217371110079,1828.0,0.21264610618222785,0.05236007676191482,0.0570445867443208,0.4068,102231,0.007755508342371521,0.7114172065797015,0.0,0.875100429491058,0.495660454090084
0.6299629616809166,1921.0,0.13685687558465856,0.020080729961670228,0.048800502622097425,0.4225,125206,0.0,0.741152443017056,0.0,0.930165430896069,0.5488084284966895
0.34615764032751306,1223.0,0.3806276403138202,0.08097767946184113,0.27992985954106064,0.5315,50523,0.00447723995513859,0.5535629096948601,0.0067507181615065436,0.9517123871187596,0.5967796898960641
0.5562606032564391,1435.0,0.20988083416087389,0.07669304473421894,0.12849782357644132,0.4399,80411,0.006316070000888336,0.6629292595239873,0.0,0.8722259087222591,0.3312566049792327
0.5704240952388766,1269.0,0.21035944841284998,0.1270251686745262,0.15174203853449136,0.4563,66967,0.007213543427785667,0.6204476322361491,0.0041459211639101375,0.8660355439802887,0.2711095080615696
0.4222070025701774,1599.0,0.2187961012439686,0.10441494627993106,0.1394291230764994,0.5153,74323,0.007540244727106939,0.6978749965612528,0.00507018054192482,0.8197439456690196,0.39882802135797846
0.5223463213734895,1568.0,0.3297732675726502,0.07137461046932544,0.1441086878615676,0.4257,80908,0.00033277018379153226,0.68869929804314,0.005515193296918916,0.9088501673557787,0.41109470368182716
0.5033065529868285,1086.0,0.17490096830985916,0.09472330109096307,0.20260127642677977,0.4381,59851,0.008764538965881247,0.635006590900994,0.0,0.8231696375164493,0.27319356382342386
0.6155574481891553,1066.0,0.2606232593467803,0.07916898520739891,0.18272827690505666,0.464,59932,0.006043398002831916,0.6247870781544046,0.007539071917329151,0.8329265392743213,0.2869064657821887
0.5807071133517107,1630.0,0.28296907596427845,0.08858553367854799,0.13057160937356066,0.4678,82503,0.00571228888061166,0.6804144664434806,0.0064363048170838245,0.850747993638818,0.33491746489638424
0.6372282128336574,2200.0,0.1542734626254751,0.021652658157794612,0.034388448011350284,0.4206,145444,0.0024615069037576443,0.7421000604096876,0.0014356651791991356,0.9767102878482009,0.6930092165601398
0.5779830033894975,1679.0,0.29923757420556396,0.05776440638741032,0.13232844236560518,0.3895,75797,0.0069399948740949575,0.6840099993187047,0.00735530731393371,0.771506573839555,0.2548842418765671
0.6098046202268543,1744.0,0.2413058366943155,0.06172426762505746,0.10000289849471508,0.4034,82195,0.0025120287530675735,0.6924767498168544,0.009198493813878428,0.79458617533292,0.30438922845247585
0.5186912373072584,1043.0,0.21972183153617753,0.10765823209611383,0.3026070500508417,0.4996,41756,0.03575867133657214,0.552828588287358,0.0,0.7981791282576534,0.23525662911118697
0.4087557349661202,1408.0,0.28059568761183484,0.118835446254096,0.2124337628246446,0.5418,64361,0.011810904697175653,0.671774110949416,0.006166932820454587,0.8077285298518924,0.38035317874835156
0.3582728257488819,1734.0,0.19413711267841027,0.09907045955242917,0.10109418579703926,0.4501,84849,0.008195666166058786,0.7619160924835592,0.0037940451431570975,0.8430991775287384,0.44713457746140156
0.4917916481050669,1225.0,0.24183494578274137,0.09388688723108433,0.2003768883546507,0.4041,60141,0.017060145621646663,0.6757239106116628,0.008252034575140272,0.9133455326935762,0.20349171223695128
0.6495035075585417,1062.0,0.2882060678670848,0.07674063262560149,0.1950865710439586,0.4501,61519,0.015039688065729006,0.663928409676563,0.0013172751223184042,0.7412913992467167,0.24219177720757504
0.7675328911601609,1594.0,0.25547240411599625,0.06246814410079716,0.059047007969741994,0.412,124084,0.0005656490611914089,0.7089342299285721,0.005826904069981855,0.9578844153204109,0.4591579274636182
0.4788317107093185,1746.0,0.2538072872189012,0.03603796857403336,0.09133670161068946,0.4325,93715,0.0031827995281444054,0.7303250333321322,0.0,0.9139495904620347,0.46193985009961736
0.5871505582231125,1185.0,0.27684623617552623,0.05770832176761228,0.1771076953862701,0.4572,57259,0.008617131708293207,0.6127007064868336,0.0,0.8987895609267184,0.28289194711075133
0.5145002825322178,1236.0,0.30842875915149237,0.11773503586246824,0.16880649810035372,0.4695,62360,0.006650688573608403,0.6856634341129493,0.009138346445163266,0.9006636866804522,0.34742016567402584
0.6270608414892543,970.0,0.2835885504031167,0.12647629120394852,0.18962235393734123,0.5288,60907,0.015207451312447079,0.653197622050081,0.01518243746380209,0.8220575991118891,0.31950641531991203
0.6321820168995546,1900.0,0.17895712186082177,0.03739945925766711,0.05672134639965914,0.4293,124177,0.002263527907967618,0.7195123303468465,0.005440101096496297,0.951597675877407,0.5681364566634775
0.6454555287161553,1604.0,0.38051657514744763,0.057125860457210846,0.117530118086756,0.443,66083,0.000967489695572078,0.6518446680405706,0.008071315215235072,0.8296200096200096,0.21231361231361232
0.6402736499747659,1632.0,0.3031436736814757,0.07320918146383716,0.1280392170653313,0.4832,82547,0.016084904665114676,0.6892631742728501,0.0,0.8935156554204173,0.3471563709658948
0.6993634561202129,1026.0,0.3408538701839639,0.14686331533028665,0.22585939533883437,0.4873,55857,0.00551235469229289,0.5960775774919514,0.0,0.7837986914181375,0.28587188070602554
0.8421791839148433,2025.0,0.2161592505854801,0.07548265846574406,0.08459338473016663,0.4285,90271,0.0,0.6622562985724727,0.0,0.9166651900416408,0.3566226632408966
0.6386938427062213,1682.0,0.2815878079035974,0.0921684879485391,0.11053245780572345,0.4226,90284,0.0022730043718321635,0.6721067614134971,0.0,0.9443991316677751,0.3836096018470882
0.553937972194432,1770.0,0.18035576179427687,0.04172038745082482,0.1107466174834922,0.4059,97586,0.0015768651357934307,0.7081276460449472,0.0,0.9372444926665763,0.39057989266270127
0.605144879028402,1384.0,0.22639864373940422,0.030987638304575866,0.1518117554006624,0.4839,79531,0.009474846342709311,0.7022579614442432,0.0,0.8353373325229249,0.23304088158346767
0.5402282217720263,1170.0,0.2687828784676948,0.06420598533650591,0.186018446104474,0.4778,60844,0.015466141689814191,0.6496018202502845,0.013187921243963275,0.7233965940862492,0.16991442853511818
0.745455335230111,1892.0,0.1683447098976109,0.06976321318894456,0.03994112173767141,0.3702,135469,0.0002821885629738098,0.7268942381613235,0.0,0.9472434127392708,0.48260167548088173
0.5619128949615713,935.0,0.21080478975215816,0.09671613282397884,0.2695915093175367,0.4107,54042,0.019474268789337282,0.6579262756491738,0.0,0.7039262260723766,0.19584555912626334
0.5682377617528775,1904.0,0.19694871022784302,0.03930189181987743,0.06320737810005653,0.4476,115901,0.00242972745695419,0.6946732679925357,0.004840124633209305,0.9514211247241458,0.636057948405753
0.5692391579521333,1826.0,0.20357142857142857,0.07794656324068089,0.039654687338042144,0.4154,107677,0.0013771045266758473,0.7275049009909894,0.0007416563658838071,0.9305659660272584,0.4738870179365096
0.5415917751096413,1201.0,0.16316394813885404,0.06258845730460764,0.08611735926114042,0.4479,67498,0.007287012946627554,0.6709608690805039,0.0064985415205110215,0.8876740776936233,0.26517835328609823
0.5194040553342039,1389.0,0.26126261204100215,0.09565293407082459,0.1708025265369454,0.4819,66176,0.008365066901776455,0.6580681823780892,0.007336351565853707,0.8553009506001544,0.2940061970634415
0.7966118939817877,2182.0,0.3006503251625813,0.038565943606172506,0.056617546420913364,0.4583,133466,0.0005383457274510698,0.6051923416269631,0.0,0.9612545211316454,0.6297626715552693
0.581482177872089,1324.0,0.23098645786534883,0.06516171153073523,0.12891635222792217,0.4255,71931,0.013217026328062069,0.6527956815984531,0.0,0.8946334041271753,0.31365898500649825
0.6623402436842838,1918.0,0.1819519660937132,0.042880243508037666,0.04754049190161968,0.5052,135645,0.0,0.6098835473275604,0.0,0.9812063180657891,0.6601420115704875
0.5259996108570872,1291.0,0.2866745343527118,0.10561005851515086,0.14783959333521604,0.4662,70101,0.00965828861903417,0.6471108965073233,0.0,0.8733114697256454,0.3710215698455582
0.5158955895589559,1123.0,0.20615796519410978,0.10814629290691327,0.18139048614741243,0.4494,56874,0.0,0.6244559984594646,0.0,0.87203842977003,0.23033952093205234
0.4763498556730241,1254.0,0.24403111261413596,0.0951785800124982,0.22925386421233246,0.5024,56548,0.00944784659453949,0.6140704936549066,0.0021774706176713237,0.8538458844541984,0.26791029966263147
0.564522447700384,1083.0,0.18423893486865778,0.12506283990676842,0.13910182559376108,0.4647,63835,0.009715083303792981,0.64722872662871,0.007823404099022992,0.8734724201716347,0.2675349486005398
0.6161561723404892,1479.0,0.19937597503900156,0.08668544395526265,0.1370048801975263,0.4274,74449,0.006306003454391598,0.6974218306249393,0.008064836518215407,0.8673885880882966,0.2616076634735527
0.5853178508167683,1416.0,0.18169593418762853,0.05249417249417249,0.10840329026664693,0.4803,85292,0.0005815059947981646,0.704213158907272,0.013581282806798448,0.9370683767170069,0.44164073764893375
0.37508232396987656,1255.0,0.25838526392961875,0.05301263626010087,0.2737212137248046,0.5012,60139,0.0057454428621377205,0.7175327936361262,0.013690001259816066,0.9494945167923236,0.48541381082933516
0.645902489626556,1691.0,0.19884282993994434,0.13123803086628366,0.11248250049998572,0.4295,83984,0.0011237774158833558,0.5990643853695324,0.0,0.9564936463493431,0.41365496446263195
0.44101055440980225,1440.0,0.2504114444866439,0.0809540179691347,0.14687994667999668,0.4872,77186,0.004288143650361919,0.7380542504674481,0.006071566981010206,0.9232249192144323,0.5290523192401754
0.7548797331457014,1818.0,0.201467148628535,0.006369921541210285,0.06590522562654856,0.3527,112731,0.0013726658206210665,0.7415393927602495,0.005189126156985643,0.9311169673626596,0.3041016284884114
0.7388238750428439,1545.0,0.1744469441319835,0.04456036116114243,0.06536453579642948,0.3756,92750,0.002577488956226498,0.7101397452500144,0.009607925858385161,0.8366136360940076,0.19830112348886594
0.43179628878523624,2110.0,0.15086216511633094,0.03247326596683999,0.05938218217964709,0.4401,124593,0.0037165306471321933,0.7998583174442878,0.0,0.9415428924089694,0.6938736885414524
0.38795547806484565,2347.0,0.1579742464570894,0.09061644164704752,0.08343585775951363,0.4756,133582,0.0017968198402732857,0.7533121028571994,0.0,0.9402051750071828,0.7531646639287465
0.7220893643801133,1630.0,0.31351902173913043,0.029430627805886126,0.11790585305903499,0.4279,89265,0.003246584281087746,0.6463322497589296,0.006329162597186868,0.9402807750585427,0.3407927361219523
0.5683304290816239,1521.0,0.27669864108713027,0.07364669404976905,0.13875837174266495,0.4271,69277,0.007435748273444609,0.6477347370315382,0.008876726030061401,0.9336971321589652,0.28779465577397667
0.509340865008337,1162.0,0.28212774811013247,0.1481041280148423,0.1809718860547384,0.4758,56983,0.002062357675837475,0.6104950758190972,0.002345998500495804,0.9231679263884325,0.39570599189396427
0.49839892303067534,1437.0,0.2690082859971859,0.07327915117307203,0.10398798220005102,0.4181,68927,0.006677815254669652,0.6659953556236,0.003538221015387147,0.9191677238432263,0.33210923415904386
0.4395614851150203,1417.0,0.2483353139795899,0.10389450449511647,0.14131171619026098,0.4828,65797,0.005545512748088728,0.6917303551070388,0.0023272139052938393,0.9041839837473942,0.34619112745814024
0.636219221604448,1282.0,0.20346615720524017,0.06984046360215178,0.13541910124296186,0.4013,63413,0.006915967279294593,0.6232156371512827,0.0003140572002847452,0.9060206493344943,0.2938331882074885
0.4228277823653546,1451.0,0.24768702508504753,0.07251236054497026,0.18131452244989363,0.5052,63390,0.006126973463218005,0.7035139129419054,0.010084895036239208,0.9144424352019289,0.48211573236889693
0.5120726695311041,1043.0,0.19396984924623115,0.13148234530594033,0.1509320691832362,0.4493,60456,0.013579953008394315,0.5962543768802091,0.0,0.8956568189574585,0.25881026219340286
0.734079991779907,1660.0,0.2875772797527048,0.07505702337958563,0.06132107961310256,0.4102,97690,0.0007379783329561445,0.6548609838069049,0.004945506121230218,0.9057915927583974,0.3839147450516654
0.6305761538932249,1753.0,0.2371099867485845,0.06490878541815136,0.07599278664053649,0.4308,94579,0.0033943906521297063,0.6805517510719603,0.001725573962563414,0.9512365455018054,0.4216468274473329
0.5880668257756563,1785.0,0.2892236384704519,0.03595422891677148,0.13523981138036342,0.4389,94603,0.008951242057966605,0.6795375186542836,0.0,0.8627625161322763,0.25496538893451554
0.4886687748015873,2496.0,0.20750598720708158,0.0655716334245861,0.05366401996075425,0.4899,161194,0.0,0.6904039100802963,0.0004397102309577988,0.9528837720231962,0.7505300894978413
0.4653711074689768,1587.0,0.28181658929666287,0.048287541502328585,0.17559789836272863,0.445,74220,0.0016568924545989666,0.6905696277797598,0.015326330291028069,0.9665177848982102,0.5506359840761239
0.4700955653387738,1838.0,0.20907801418439717,0.046717300960140845,0.14134368804903333,0.4549,80960,0.009011876398159431,0.678330141224507,0.0071828604229044815,0.9036236188665795,0.27107045265534035
0.529027308118553,1907.0,0.26541571135513453,0.03268279274326553,0.11129227053140096,0.4314,89022,0.004518921095008051,0.6841933376877858,0.0,0.8566529200855972,0.2682425633830761
0.576278277500523,1280.0,0.26771986740954934,0.056396807940670556,0.1472879063476517,0.419,78226,0.01172986334592603,0.6226891487941493,0.0,0.8598117663646938,0.27429588635482394
0.5883450983757804,1991.0,0.2865631189408944,0.06696428571428571,0.1427608679552692,0.4402,92497,0.0054358290750203654,0.6791327151821672,0.0028685302919557033,0.8833897195241733,0.3033722579941067
0.6856509738366442,2033.0,0.22854316101904526,0.0195159138555365,0.10886937257694437,0.3861,99099,0.001279109634201018,0.6650963237149827,0.0,0.9055430088355323,0.2515749435397599
0.6747290359383913,1377.0,0.2233134572664562,0.036601450868322706,0.17644093853171702,0.4199,82974,0.006514781118475768,0.6562821918718639,0.0,0.7821146245059288,0.22946382539955318
0.4016686199006641,2396.0,0.15114489577018142,0.06281380753138076,0.050351244988782226,0.4532,148601,0.002623610038373362,0.749050286040331,0.0,0.9653453514971491,0.744887159001673
0.5598077741346081,2096.0,0.22135668391425484,0.03348090088782447,0.0982216688369087,0.4414,103869,0.0,0.7442778489559888,0.0,0.8811619955307864,0.4157310933419487
0.41923596161564564,2007.0,0.18755328983387035,0.06794989202542807,0.09429760892897728,0.4949,118745,0.0009038277367391524,0.7555669825196749,0.0046592612269194,0.9648321050799752,0.70053148649762
0.606586493987049,1907.0,0.25141083521444696,0.03215986820900333,0.09660170374456088,0.4454,103604,0.0,0.6372311504817562,0.0,0.9191860348325667,0.5189731021875816
0.5959600036323643,1341.0,0.22944760763160524,0.05273973257380982,0.12693899458390073,0.4311,78583,0.005127772923052356,0.6440272616615457,0.00952507826550323,0.9425527085799815,0.357817186953668
0.6122869236929414,1573.0,0.28096783712009443,0.054352294610208365,0.12932117869937915,0.4275,74135,0.0016693864535854295,0.5991056792711621,0.0,0.9408836501508859,0.2690283975136055
0.5460635467209266,1723.0,0.26890099533365514,0.04497349224698051,0.13741319756773288,0.4322,86328,0.0014122261000971469,0.6572426075341796,0.008781712888382198,0.9057602986499979,0.37060257101929195
0.5241408391313515,1767.0,0.20356421995766258,0.050513812892032564,0.09757705453402164,0.4182,82928,0.0004716072171117354,0.6411289351350049,0.003982305040809235,0.9204310156931125,0.33955427201394944
0.5018498942917548,1101.0,0.19946949602122016,0.04124860646599777,0.18689463488587552,0.4207,63781,0.0024425166343805273,0.5946647361735259,0.0,0.8079124361378776,0.1945127077539934
0.62452376907957,1013.0,0.21450268209138498,0.07063440156965337,0.1149973192961934,0.4385,65820,0.0044158502705073845,0.6870667270171761,0.004784854894074408,0.8633203740370857,0.27633651775519935
0.6852485960827284,993.0,0.19778067885117492,0.033716044072395195,0.07172327695141817,0.4229,66853,0.0,0.6716271493882688,0.0,0.9225475841874085,0.2657812173185526
0.5798410929703018,1263.0,0.20916690688959355,0.024066193853427897,0.10686872662861642,0.3991,76961,0.00043505733434156147,0.7000832681486715,0.010650567669850423,0.9192345553798884,0.3174686036452585
0.4387409781078734,1484.0,0.2334187076463369,0.05592467980434844,0.14791129939568956,0.4505,79254,0.0012093538019518238,0.7197801978219602,0.0023652606506132465,0.9733623371974557,0.6202274416939725
0.43414385308620984,1081.0,0.2601117855640363,0.09657201232017082,0.21203245322021333,0.457,56792,0.011590174920884776,0.6505214305461764,0.008015578299067114,0.8457658902762182,0.30727005737245844
0.5738150070463686,995.0,0.23800306476328736,0.04132204171746796,0.162456580942907,0.3956,60711,0.005104287275158592,0.6171838614527453,0.001034097261039687,0.9250583398155351,0.24296032892543615
0.6057497963739479,1215.0,0.2931364297191828,0.06960621965253025,0.21372887563438497,0.3915,55458,0.008384345733270548,0.6483242452453783,0.0,0.9053893844868132,0.19889996696013837
0.5909749193601475,1232.0,0.2179930795847751,0.023306651236056193,0.09435285362642395,0.4064,87462,0.0003863987635239567,0.7078461895141258,0.0,0.9583712375904758,0.42101412015979117
0.622616292336278,1178.0,0.20091560853416257,0.02106136515939624,0.08689432395016151,0.3958,79813,0.0022765728349484694,0.6596244572674473,0.0,0.9690283797617233,0.3490296865811426
0.7098310066127848,733.0,0.15137242985921198,0.1613674455289362,0.30827613353999067,0.5074,33367,0.0071653504563682436,0.4965867368377546,0.0053128771379822165,0.8821579121868044,0.3509054453022624
0.5939067571555031,642.0,0.10772025431425976,0.30033548387096776,0.3183468229852913,0.4791,28547,0.00743499421872059,0.4740860149644139,0.0,0.8897158793794666,0.32579745511591424
0.6494890690680127,665.0,0.12148125846755983,0.21814881533532268,0.2574719915257354,0.4902,36963,0.0061570828521196694,0.5387714832900835,0.0,0.9103957953855495,0.3831777474195507
0.7956942163838716,1057.0,0.21575281300232185,0.14185063410051668,0.21230682526028535,0.5577,58141,0.0053985109601637354,0.5663658628794976,0.0,0.8917488031540411,0.5566131606120341
0.6569026890251748,495.0,0.111125,0.19233100677185264,0.4415687994736108,0.5288,22061,0.011405100392798038,0.4381313703284258,0.0066172099154754825,0.8570751300454336,0.27773753868440115
0.5448974883935523,591.0,0.17354664977031523,0.27442201067057226,0.34397497401197064,0.5843,30786,0.007412237940585877,0.5247015764331789,0.007287477464984052,0.8723114972202644,0.415825933911941
