homeownership_rate,median_gross_rent,rent_burden_rate,vacancy_rate,poverty_rate,gini_index,median_household_income,childhood_poverty_rate,labor_force_participation_rate,youth_unemployment_rate,hs_or_higher_rate,bachelors_or_higher_rate
-0.7748099259586517,-0.9232788645501787,-0.27673165676440825,2.1682559696717463,1.2968230675975696,0.49917861693517446,-1.1992473026605464,-0.06879806002380963,-0.9161996113809059,-0.36813062202852476,0.25896536527328295,-0.25507396716353536
0.2442046579477181,-1.314668818000798,-0.7914796926220788,0.8189002538446185,0.9037551120517359,1.0256403435771997,-1.0253398156957128,1.550102642791704,-1.7224816503680973,0.6566994979338717,0.3764790241234183,-0.5786282340216762
0.13074500918470022,-0.8511807152303278,-0.9725726281901318,0.3130467216656585,-0.5284808685680109,0.30003874642275674,0.03525964110228992,0.327458799028537,0.1450446980025928,0.11927947828560792,0.8493466594654574,0.9066849979704342
0.3879345178459656,-1.0674751631898804,0.5552986371550598,1.5124898124825419,0.6463170428352271,0.9844389910573885,-1.0462118120159187,0.9986898960437558,-1.1307712440062012,0.03956213526445088,0.3214599354285244,-0.22673303919125185
-0.10204694172417095,-1.1210337883989125,0.09825691351405438,1.1285697158724763,1.3308535788132032,1.7581088328182768,-0.8918984440455642,1.8020537306683853,-1.1297103489114595,0.2470573516969142,0.39089913000543913,-0.043293325766104056
-1.463097650560878,-1.2281510388169767,1.0384939845763286,1.4632992456599412,1.2268008270660076,1.2522477824361573,-1.0886141050968567,-0.9628225001671159,-1.0970535621525712,4.62594578335873,0.3469911753538676,0.22257787788368863
0.5058785256013365,-0.24349631382015577,-1.0352655985895975,0.4427159902623096,-0.8950055897909663,-0.12341959891974177,0.8918634084478891,-0.3318788169355882,1.0904161757911446,-0.30264726131534114,0.9036388782028723,0.2476959695406395
0.27255150479306256,0.4507058667738373,-0.20369115530478055,0.18742464525704602,-0.7511601163408477,-2.1399969083615833,0.22566336263559814,-0.7460229137386141,1.309883347751779,-0.8026164175478359,-0.1691933962001883,-1.083532569937861
2.228188886341111,1.6722545109644542,-1.9243137134863313,-0.5364892352090771,-0.9671661666924478,-1.746295095394504,0.45982470168622147,-0.5495361059501426,-1.4277809836578201,-0.8026164175478359,-0.04108931665551117,-0.6743636428801142
0.6075549934306695,0.7123191514487249,0.19951916948877205,-0.7234942964288978,-1.009610002787388,-0.43242974281832053,1.082693089089773,-0.764130181091279,0.9772220306244748,-0.5126109558695432,0.9308285797644483,1.022757700809763
1.4881292507834072,1.056330321060585,-0.6862443187441737,-0.28263198459142297,-1.3949285481247362,-1.3205477860231274,1.6513097754829187,-0.6423773086508139,1.221117834362488,0.5780777134660708,1.109579032226868,1.0183644023603937
0.13183548769290743,0.11081459140882585,-0.4740385595137584,-0.784358547057982,-0.10813537945747892,-0.059328606111146896,-0.25609638916344346,-0.5757592514720284,0.5256659753615421,0.6467806724373756,-0.5767678041682421,-0.7522708341634766
0.7563712057173723,0.11081459140882585,-0.04294063679204365,0.6381701225892437,-0.5027114303785131,-0.20582230395936285,0.12606637833955,0.36969254678381425,-0.2976208855445294,0.03714008824612857,0.514966790459676,-0.086015069274833
1.7535431881062185,0.6896597330910574,-0.45150968955240744,-0.251850298528581,-0.8824618650002998,0.06885337950604159,0.581184324074952,-1.0084511990372662,-0.6094757758551896,1.6859847999590398,0.46153614729844317,0.05861831982120578
0.13892401971686535,0.1190543799025231,-0.2754979668297801,-0.1307873998882879,-0.3153819758882456,-0.12341959891974177,0.11313271086098076,-0.061466545808215124,0.7799368239852025,0.5658051051987205,-0.4157110168022854,-0.04005241083585777
2.1642571578269645,1.247905403539046,-1.069069485742065,-0.10089394653738065,-0.8445499410136118,-1.824119872376369,0.6541395023073605,-0.8256269034993322,-0.1713634626688416,-0.8026164175478359,0.5703606276617226,-0.9594077798396345
0.7485385227286544,0.9533329648893694,-0.4789447150118034,1.1854995961116013,-1.1131962486731672,1.7466640126738864,0.8739344023323874,-0.6445353768359157,-0.8237791537535752,-0.2747147016217521,1.455837038192336,2.004490909080627
2.280681722135473,0.8441557673478809,0.21374331927217308,-0.12116985698323642,-0.8209312663922106,-0.9199790809694139,0.7163682557147281,-0.6914091681466571,-1.1248061436549193,1.0590824267056755,0.958692708875449,-0.2581123249601547
-1.2870387781938397,0.33740877498550015,0.2169409326754044,0.73899993847847,0.35787349408359753,0.114632660083609,-0.1657543345900841,-1.1380566759938584,1.6606623024471716,0.36817170824385576,1.0070576751826263,1.0641211577458858
-0.3043161287796934,-0.8635403979708736,-0.16665536423171196,-0.08729385500409886,0.6291736630918261,-0.13028649100637613,-0.8457786896534206,-0.2907100386127027,-0.6634846065019763,0.4823896078227959,0.11325534345317963,-0.2420906970594575
1.1801753082815103,-0.8120417198852659,-0.1606995292159487,0.6751213106288327,0.33941236338671066,-0.06390653416890313,-0.40645995449064215,0.2974051213689183,-1.0120657501464636,0.576560274267991,-0.7696605060479944,-1.0834393755484122
-0.8223172162227769,-1.2714099284088873,-1.1646678139459046,0.45747036066290914,-0.03960350262385629,0.18559054497883823,-0.6361680846788839,-0.40126653510916416,0.6444078507566537,-0.8026164175478359,1.062687811811081,0.6313506158673461
-1.4831534121439003,-1.1024942642880937,-1.4640752982893144,0.9851489454081784,0.46343820387164647,0.2702822140473387,-0.6229633523130391,-0.5494358401842987,-0.29053631871909397,-0.8026164175478359,0.7388506009958339,0.48215581068754493
-0.12284302253064917,-1.4197261212954377,-1.1369578693102556,0.3252819988436221,-0.15753648166182163,-0.4072511385006587,-0.8526327589459558,-0.7677458365611473,-0.576937867492331,-0.8026164175478359,-0.383930058517162,-0.9577322815137406
0.012563699750768969,-1.6113012037738987,-0.5091431629894836,0.24413040802035577,1.421635678343592,1.3277835953891453,-1.186971935622503,2.3519053162649968,-1.1887355223722513,-0.8026164175478359,0.35004433137502416,-0.06793158831564727
-0.22363136946939197,-1.0674751631898804,-1.081325868020035,0.5923366848816142,0.6485605141512567,0.9844389910573885,-0.610726708830321,0.5781712375298309,-0.31272420644814947,0.49282076799395974,0.6373177102523715,0.7594031600772096
-0.007090088138593138,-0.46185070890313284,-1.3685747466149936,0.32031511545343216,-0.8092689401736245,0.908903178104403,0.019731495416941823,-1.195908574449589,0.9320254999106435,-0.8026164175478359,-0.1520557876028983,0.3286133680057193
-0.22447043759095472,-1.063355268943032,-1.3795807912764428,-0.18405147344702408,0.18317167814272833,-0.7368619586591443,-0.3611921183156498,2.4613041656051693,0.4542012007435882,-0.8026164175478359,-1.395396429034825,-0.7187890777892343
-0.12433064878940367,1.6125160443851492,-0.010252551591550798,-0.6656186190893876,-1.1665801562124738,-0.5354331241178472,2.6727597178472884,-0.9833554169474007,0.7355998281993753,-0.8026164175478359,1.1304077292854555,1.9603576317074058
-1.2410418941985064,1.1263685232570115,-0.8683848724811972,0.3436748677605768,-0.5625149963270858,-0.4759200593670098,0.43891398181069036,-0.6654633799447482,0.5295414295073694,-0.8026164175478359,-0.418073596847404,0.5466608071040762
-0.8032233717093028,1.2437855092921974,1.0361773430254813,-0.6626470741738784,-0.13459782645347843,-0.19895541187272722,0.7287985169740715,-0.3199861587222057,0.5194892390939456,0.36549408996061744,-1.4006583486363737,-0.3381008480019331
0.6912023383428212,1.1078289991461927,0.6220399137527224,-0.5135562906111045,-0.3510193462324272,-0.7368619586591443,0.6069354883661153,-0.538362376862105,-0.1123225513822489,1.4300805290184606,-0.20146652955177094,-1.01128327703388
1.4891808893430927,-0.00248250037951129,-0.8945776476729065,-0.7448628346068825,-0.9978287698627449,-0.9634693975181019,-0.005980945318896424,-0.48547367854175033,-1.493596297974249,-0.8026164175478359,-0.14039602570261198,-1.1791026501580986
-0.8415845205178794,-0.023081971613754408,0.9008215454897965,0.03617937843960962,-0.05696347575172302,1.247669854378401,-0.07928463554923046,0.6356061886020441,0.34919125597255585,-0.8026164175478359,0.7655477078050198,0.7040769894633471
0.45926009561491743,0.11081459140882585,0.7184498417536819,-0.6797456181231509,0.22598093255402107,-0.4530304190782261,-0.008962659078925858,0.16360096664200677,-0.6661611628497695,1.7093499105354433,-0.955240357206674,-0.8947955458376055
-0.029034932123779153,0.26325067854222495,-0.11833851310022071,-1.0624056360602028,-0.027280167510059395,-1.164898232059399,-0.10952773225810045,-0.5246109871394171,-0.8409300002549279,-0.8026164175478359,-3.0007760391340943,-1.374667158080851
-1.4045034774745335,0.415686765675624,-0.6711711741123955,-0.2911186553707596,-0.37412794570697055,-0.6063910090130764,-0.059032216114225336,-1.195908574449589,0.5180421665370538,-0.8026164175478359,-0.5959321091938761,-0.8266999857900841
-0.8535500607388665,0.7617578824109084,1.3242294572692443,0.8753614330103905,0.5883131101480261,2.570691063070097,0.8287827368233702,-1.195908574449589,-1.8219397067618692,1.2328803477913832,1.102362532623705,2.784437688783685
0.05983651289968045,1.1675674657254977,1.2237569946303177,-1.6351786990083006,-0.6416959368496092,-0.37978357015411873,0.9425912659237146,-0.3772708775402367,-0.20354546664405873,-0.8026164175478359,0.1458503118134847,-0.18784256685541684
-1.0749845538702556,1.2170061966876813,0.6738714778925345,-0.24570942960739062,-0.8854736190042292,0.04596373921725789,0.12362679435407137,-0.14100197489974012,0.6418753288668754,-0.8026164175478359,0.7411191215564967,0.8917013716368084
0.9106627521477114,1.9112083772816744,0.8512463256450332,-0.5017162758349278,-0.7053308763580546,-0.8284205198142791,1.1607985001804142,0.35357423739911265,-0.4401321140767537,-0.8026164175478359,1.1721599035276893,0.6741234037584097
1.2931351191758007,0.6361011078820253,-0.1726924233295664,-0.9949472043539482,-0.8995874699969405,-0.44616352699159173,0.8871391346982321,-0.8989963634519101,-0.7119200023623216,-0.8026164175478359,-0.556955864490321,-0.48811639861414025
1.5511047121247519,1.6186958857554221,-1.3931810353172744,-0.560934697186112,-1.4926924935457677,-0.1714878435261873,2.4377077370241884,-1.195908574449589,0.5714405201842533,-0.8026164175478359,0.6301114486564314,0.6046377666557397
-1.1970184026600708,-0.3691530883490388,1.1812986937219927,0.23728369441986344,1.262227476500586,0.19703536512323008,-0.6545230499029612,0.8157238673192119,-0.004903008888748094,3.397449282904812,0.9622081252136492,0.4405541099289822
1.3339275498614065,1.4415404331409312,2.2254996139853054,-1.3435001541368743,-0.4385287821912256,-0.5812124046954146,0.5861409391565594,-0.7121613194653673,-0.5050405279521821,-0.8026164175478359,0.15579263111324818,-0.7963836551103357
0.7778350200573818,2.6919283370594886,-1.7852443533451474,-1.4972579485350361,-1.1115818871364558,-1.6135351817195593,1.5301437708708134,-0.9582749617468359,-0.604870396644521,-0.8026164175478359,0.45036016456091627,0.6385969354621724
0.10937293044374954,1.4085812791661423,1.5501446041541393,-0.8451230923097109,-0.6953876575044138,-0.30653672123001013,0.8819889018399995,-0.6985697715715911,-0.37741994869300705,0.19770107418926047,-0.02789576838375803,-0.21849733675841593
0.7923933737363366,0.290029991146741,1.1174255172975536,-0.386973974244131,-0.47018931029080957,-0.29280293705674015,0.41142025752989947,-1.080107245724341,-0.5289657505095053,-0.11720456444445157,0.22814110671136242,0.047122388423135125
-0.049495495574168914,0.1540734810007364,1.6631654046251583,-0.9235831327759787,0.24643327232708506,-1.501375944304519,0.031000050016533585,-0.1867956504157387,0.3725839296738176,2.042778348808407,-3.064292500572114,-1.91562004028316
0.669752123917262,1.3303032884760184,0.75961321383693,-0.5887238557767597,-0.8315206912751355,0.004762386697447985,0.9678390239956521,-0.877875854047518,0.0323635952612219,1.2693675637182917,-0.06211555442963125,0.10157151345939472
0.5173279008801352,1.3447229183399887,0.46347015424872456,-1.2517404809594708,-0.7962661211739359,-0.5445889802333609,0.8202635546518576,-1.0436589813725117,0.5819839812501185,-0.023520735966021694,-0.6256598735928091,-0.21575368436851575
-1.5773979529601225,1.6949139293221216,-0.8515861132717083,-0.15382787760795386,-0.6605238722477239,-0.08679617445768684,1.1602950939611885,-0.15783109452392988,1.960003819884096,0.4694558872883421,0.20159143295673235,0.8596912711484365
0.009890814706558941,1.9853664737249497,-0.7794115570522547,1.0407130230335215,-1.0556782080850429,-0.773485383121198,1.3780376455539873,-0.6820505654689752,0.41674106198575833,-0.8026164175478359,-0.021745208397307474,0.19682455454361
-1.2129224294470242,1.2231860380579542,4.4689923696941705,0.1713990338765861,3.068693899895687,2.4287752932796387,-0.21756645161501115,-0.5269893104147398,-1.2167118604254297,-0.8026164175478359,1.279811254039159,3.0168068884111237
-0.4527861334148366,0.7473382525469382,0.2872559649794407,-1.173826601814892,-0.7904001899209211,-0.640725469446252,0.3984091429406801,0.13258378393531545,0.14953195462481256,-0.8026164175478359,-0.6526569274751801,-0.6298235117263182
-1.625813789152008,-0.159038481759759,0.3949371636994905,-0.5361376527514518,0.5586296946128776,-0.46218627519373984,-0.5816840423365278,0.06589532433748649,-0.33924850884632296,-0.06514089083774091,-4.228521252192831,-1.703930028351338
-0.9770481732339119,0.739098464053241,2.607769196406853,-0.7667391836530353,1.1753413120031193,0.05054166727501539,-0.1882914437892676,-0.13158890749861074,-1.502212297718977,0.9143682113135707,-0.7948412517791594,-0.8246268984224371
1.6110137224011454,1.4374205388940826,1.5358582364121809,-1.2899189907485797,-0.6300497641957843,-0.8375763759297915,1.4960283186294379,-0.42394873531971033,-0.5705864146474636,1.2545701566448277,0.4094279985824483,0.27541337421059064
-1.2219512018167678,0.2735504141593465,0.28285882592101436,-0.9501252514830771,0.20257975510969708,-0.46905316728037416,-0.4598210137285715,0.28253452289481484,-0.11268290017941623,-0.4976607921307484,-3.5162591728694776,-1.5686178263456065
-0.1068074692305971,1.1861069898363166,0.2772762029753938,-1.0017028741989846,-0.5693051057620685,-0.31340361331664573,0.7675220722991292,-0.3620866255164402,0.21229516464874507,0.28803431462468976,-0.7852732756802792,-0.20715051205644788
0.4305015049831574,1.3179436057354725,0.7366203885307936,-0.7308483919811163,-0.6918775510056738,-0.2584684766235646,0.5944665035514467,-0.02916342740976264,-0.6252388573151358,1.5468406657999185,-0.047058030068919274,-0.6429407649397239
0.857677560124393,1.46007995725175,-0.6869852487171983,-0.9087300894184964,-1.1499297088062574,-0.46218627519373984,2.0728931223068208,-0.996877548025084,-1.1249193967250837,-0.8026164175478359,0.728768561136443,1.171636372279819
0.6061368048071242,1.0934093692822227,-0.5460283982537649,-1.04993728089169,-0.5745432513469775,-1.8058081601453415,1.0227103018912587,-0.2868331709939274,0.11548214293684234,0.5083401247706706,-1.0517996404741294,-0.8795420098369073
0.3068741735803998,2.5951108222585457,-1.3583182879806368,-0.6995987663767103,-1.4649510140792434,-0.3683387500097269,3.620325116651448,-0.8078319828331504,0.6827001058415727,-0.2535961820557354,0.6235631851955645,1.9048719264301526
-0.39809432705765596,-0.21053715984536678,0.8205666107226962,-0.7229528407504414,0.7291439959622236,0.0253630629573523,-0.3033391266600137,0.7366891750123217,-0.30352131223691675,2.034768974864309,-1.3111774845026003,-0.8451022630229789
-0.2907898077634592,1.1552077829849519,1.1209282070632196,-0.9211633181371458,-0.6404892263173576,-0.031861037764606956,0.462225562116375,-0.6614783042947444,-0.08083947135530233,0.6129816538885466,-0.4771049665246852,0.3404509497486934
-0.37027614541652415,1.0913494221587983,1.173738631517135,-0.7398416902181836,-0.30820105916399687,-0.6521702895906438,0.3943818931868741,-0.43258100963937485,-0.3140508759393242,-0.22305857890690384,-2.0919439999909812,-0.6888426057326691
-1.907665877052441,1.1675674657254977,0.2810357964377148,-0.2561790673791322,-0.49526494689045086,1.1377995809922388,0.26063073309412516,-0.6638728376314286,-0.14153863656467694,-0.27521308270150346,0.46967801012030397,0.9695105007352386
-2.5849833178426085,0.40950692430535107,0.7755684064199975,-0.8046027118622545,-0.05243151423130512,-0.9039563327672645,-0.5142663325156025,-1.0102535942606536,0.2651319314805742,-0.8026164175478359,-0.9338380433642338,-0.8160552349384838
0.19666295727884997,1.3982815435490208,0.12375705543311005,-0.5841487352379889,-0.8634370899771181,-0.1691988794973092,1.08741736283943,-0.5866388560538015,0.14761731917186102,1.0612671179707331,-0.6790143871016463,0.059943022303300515
0.7069336890186522,0.05931591332321806,1.8232769871977026,0.399884209475519,-0.08965233348330517,-0.5903682608109283,-0.772087763869836,-0.3329085328055182,-1.6777462932301817,-0.8026164175478359,-1.0321718266874884,-1.5979318791625818
0.9886126673164174,0.14377374538361484,0.01627577169832222,-0.9187296411356346,-0.1515845919840152,-1.0412941744999669,-0.3975148132105538,-0.15102940836852746,-2.060698793621544,0.5556994068196004,-1.5403548951550878,-1.734565034371226
-0.10093639728641968,1.756712343024851,-0.38012615890375034,-0.24450007786116076,-0.818921797235116,-0.20811126798824098,1.3855500152870484,-0.595734152901849,-0.1417787676891861,0.2884118011790444,0.803642347005863,1.0350423748357154
0.8898068055523715,-0.11989948641469707,-0.9611265876577397,2.1969756661625195,-0.5581705199450021,-1.1168299874529535,-0.22248434314129348,0.05662482496578565,-1.3796312610978887,0.2228616564550496,-1.3792666984116024,-1.2223866581724097
-1.478905496988495,0.415686765675624,1.1487669796327626,-0.3105328003832903,0.17785429195968905,0.08258716367931156,-0.5019522419222342,0.1356106962792675,-0.2774171423592234,-0.8026164175478359,-1.1593777673785477,-0.6864504720576677
-0.7705795493614014,2.959721463104649,0.1352650549727001,-0.45061306476956536,-0.673433940791731,-0.2790691528834702,2.4553269546970897,-0.7282169448714773,0.13777658774028914,0.011878501459187847,1.3887131118106935,2.5047622527168905
0.7289583848448171,0.5495833286982043,1.2963484061604922,-1.2509648230982033,-1.1109684297888889,-1.286213325589952,0.48859630329273923,-0.8209597972869739,-0.2867624878645055,1.014364169369483,-2.1299256694982494,-1.6024911257767358
1.1316088832525228,1.109888946269617,0.17642906361388874,-1.1626359644846245,-0.981294611545873,-0.6773488939083069,0.7632237576580477,-0.2980973825515292,-0.7549301722338984,-0.8026164175478359,-0.14336632504790098,-0.8782314901841076
1.3786383556498003,1.254085244909319,-1.0397077922566456,-1.0424734606023285,-1.3260023287301332,-1.4945090522178834,1.324057009430857,-1.195908574449589,0.37461713790780243,-0.8026164175478359,0.5224133714697422,-0.0817476174343637
0.8982306519538019,0.5701827999324474,2.7129906573084113,-0.42011046025353077,0.12823062837628232,-1.071050706875386,0.19360025882645046,-0.27894304947083653,-1.006320265619132,0.9414231034786176,-1.1432309795750042,-1.0589630497220908
0.19970025317985352,0.20763210620976852,-0.7500474503710989,-0.17278837530331229,-0.5194055785907856,-1.2358561169546283,0.24239193853602303,-0.8454836229719017,-1.4658246695872617,-0.8026164175478359,-0.925698126217066,-0.8750046079991475
-1.2641245698319237,0.6340411607586011,0.13002196989228085,-0.39831466768031704,0.038128578307119625,0.13065540828575709,0.3482621387947305,-0.2532244978508539,0.21347376280705957,0.5304619608972225,-0.5935636128369931,0.06007400010164351
-1.7026688253970237,0.6258013722649038,0.6824183716230307,-0.19590223895425404,0.30175184130705746,1.6596833795765078,-0.0023796546736660667,-0.21551126672962667,0.296884521144212,0.10744130644178924,-1.127759699505984,0.2456924744910823
-0.19869522647093876,-0.4412512376688897,0.7696792775521694,-0.4055430914435683,1.6220646823173017,-0.2401567643925384,-0.8502318985158023,-0.16108687320406057,-0.4987198451194867,-0.8026164175478359,-4.330000010625863,-1.9883355736565498
1.4156394365614682,0.9739324361236125,-0.49909494751300654,-0.9085988755356647,-1.0488428205686533,-1.1969437284636966,1.1410107634093096,-1.195908574449589,-1.1728800894753488,-0.8026164175478359,-0.5881281971713701,-0.8731759126287864
1.9075127337422504,0.9183138637911561,2.1866124638314464,-0.710752894425601,-0.7449112414183021,-0.679637857937185,0.8242133572950134,-0.6755868236563863,-0.8014386742191831,-0.8026164175478359,0.49805112860992895,-0.9046369733655976
-0.2610227195858785,-0.05398117846511909,1.384326935162031,-0.22075137098580083,1.4357988847684322,-0.3500270377786994,-0.4612150617202736,2.4211397165406257,-1.0513703636860978,2.3783420677755367,-2.0089171997611857,-0.9885478356558898
-0.19285827807407618,2.7063479669234587,-2.2596084446156315,-0.8723221976014833,-1.4915666075397913,-0.3202705054032814,3.852511554380493,-0.8438807216865284,0.12213969441904805,-0.8026164175478359,-0.1582142660783737,1.3706919004175786
0.3616901714201038,0.3456485634791974,0.2707277950764715,-1.295194353241991,-0.03064573092546477,-0.4965207356269154,-0.12056394552574186,-0.33797171262124304,-0.9248989796055174,0.12310838127663956,-0.9868043905528741,-1.0364154046229934
0.4287211535977925,1.136668258874133,0.6460748601892135,-0.5410645156350564,-0.41540415358776306,-1.6204020738061937,0.40239766913916103,-0.5484666690101277,-0.005316543538595255,0.06714628733275202,-1.3486808845781273,-1.395703315097489
1.0160218108593106,1.6351754627428166,-1.331652487373315,-0.7792760047265856,-1.3103777097947513,-1.2839243615610738,1.3252187160906088,-0.6619787217658802,-0.09724916539732037,2.1930776914476318,0.864592154690898,-0.277644713243761
0.5639477690367637,2.2613993882638073,0.41182777667119747,0.148364575124414,-1.3248852208980277,-0.16004302338179544,1.4098296844758595,-0.6422823697596765,-0.23828056381142282,-0.8026164175478359,-0.660079100331665,0.11658466006964742
0.8949732766914437,1.2046465139471354,-0.15051897958644653,-1.5245806148295378,-1.3156578614211207,-1.8035191961164634,0.7603194910086685,-1.195908574449589,0.2845704512766685,-0.19559065396154957,-1.0785979081504344,-0.9890468513535537
-1.0457001741685006,0.7287987284361194,0.1997948039524359,-0.07823891080133905,-0.3375209616907914,1.0325072356638352,0.7710071922783843,-0.2301524206137545,0.8183272114754123,-0.40549616046907905,-0.4826337030323149,1.074544703907321
0.37620192942089786,1.4744995871157203,0.6175573750389255,-0.06692579646995712,-0.8014122411130223,-0.7986639874388598,0.8706816236850826,-1.0348593276492652,0.10047458210007185,-0.45181292554907837,-0.2961884531909041,0.18500415744509852
0.30746950582062244,1.2273059323048028,0.8327619810578851,-0.8584913012632481,-0.6176392698417977,-1.3709049946584524,0.4528931852830361,-0.8445989178016776,0.409493622831232,0.6582233617102643,-1.214199357372183,-0.7306332984344016
0.011543077445595167,1.558957419176117,0.4114173673046502,-0.8981191031033499,-0.5798253429441677,-0.370627714038605,1.1127038444666926,0.2898972128856631,-0.07812758805566732,0.8984501884888012,0.27749584885604733,0.1594450296753794
0.13174143232435176,0.9409732821488235,0.27639914187558623,-0.2810852779870032,-0.3446215226695544,-0.4209849226739287,0.7303087356317488,-0.10080955399181526,0.09249390342176796,0.1522472243809073,-2.59630732472013,-1.2112773685422031
1.1373610363725324,0.44246607828014006,2.6439744914878465,-0.6704708041309292,0.2470597380988557,-0.1897995557572135,-0.3410558695466198,-0.10516596157461863,-0.7052337187242452,0.7880004618280574,-1.484473087914626,-1.4052433779605453
-1.2459225491036123,1.1057690520227685,-0.2930496664433474,0.515923365399804,-0.1714398503522761,1.286582242869334,0.8799365534077713,-0.994933294112627,0.23270221169921695,-0.549323238247063,0.17775262509146686,1.5486851664699215
0.9309482676387465,0.3930273473179566,0.34732849535758814,-1.0288307253533218,-1.197559871711218,-2.4100946637692315,0.38830229500084007,-0.7867147302241718,0.7652177821968666,-0.8026164175478359,-2.1447169861278117,-1.680610303148849
0.20072760517626662,1.3921017021787478,2.0684922918404394,-1.3373093946633807,0.08623451177412379,-1.0618948507598724,0.2492460078285582,0.5917464799640456,-0.32455672222477205,-0.8026164175478359,-0.5757662435618063,-0.9450566822339987
0.7624129096999815,3.178075858187626,0.23292632684582887,-0.5890293095136556,-1.5986356733770832,-0.2126891960459972,3.642552437408031,-0.9588201933955343,-0.4398817628513914,-0.8026164175478359,1.1312645896393667,2.4619957197444973
-0.32835602835683336,0.6443408963757226,0.632217064700721,-0.8835736583298281,-0.15743598984307988,-0.9726252536336156,0.27085375169994036,0.05497207973535138,-0.5465555042927487,1.0114190303440291,-2.367538904405874,-1.0288761282312469
0.07477427558647576,0.5537032229450529,0.2581329929230785,-0.2702613077493907,0.8297215985741742,-0.02957207373572757,0.08900793589346988,1.754533351452232,0.18920047391445322,-0.11998829480706473,0.2723080644073462,-0.30161605078690606
0.3400260109505337,1.4744995871157203,1.2293343386730426,-0.9348838280199463,-0.9645888632129053,0.061986487419407245,1.2786730025898896,-0.06526627158203463,-0.024228788725599443,-0.6860525187369562,0.1885291776021983,0.03412443074342523
0.14167381517479524,-0.37739287684273604,-0.048877045661822396,0.8524288605033112,0.3144363645718198,0.2702822140473387,-0.43883284674239026,0.036665696314455744,-1.2941385249966046,-0.8026164175478359,0.9587711455789402,-0.5648183199864815
-0.002935633347486506,0.9492130706425208,-0.4815650657098237,-0.44499485342155415,-0.3353675735804401,0.007051350726326101,1.1012029485351504,-0.5259824226760033,-0.42624191531221106,-0.8026164175478359,0.3466877856358185,0.4537818964617014
-0.44443978704002146,2.01420573345289,-0.8898155231303109,-0.1997871959739913,-1.6580680386886855,0.01391824281296045,2.7130709389406733,-1.195908574449589,0.9119328895170076,-0.8026164175478359,1.0408075414626126,2.195884091404485
-0.3581538930544852,2.7351872266513992,-0.05690972188802944,-0.6052212633061452,-1.0332718228249855,-0.07764031834217436,3.712177389882484,-1.074430285524225,1.267747192360192,-0.8026164175478359,-0.3425518172778205,1.3541533601522435
1.276499654036853,0.49602470348917216,1.6909842308909642,-1.179561937960294,-0.4597914112169316,-0.35231600180757755,0.30864794169719656,-0.29871249076943734,-0.32273744442294033,0.2741507601656308,-2.1092372448746795,-1.5786256559234773
0.0010762342376126745,0.9883520659875826,0.1352751212621506,-0.7514679196296747,-0.41700137133023,-0.20811126798824098,0.9398418934956355,0.051089809008258755,0.06610760565634623,1.1749853122506386,-1.207424468279816,-0.25280922578205023
-0.036103547859490846,0.8359159788541836,0.4545924349111103,-0.6454723037455283,-0.5623966153567383,-0.8902225485939945,0.2973793870976048,-0.5752512248751533,-0.12089616008320442,2.078512766045909,-0.7318946017718568,-0.7975674303196555
0.9161798430921807,1.3591425482039587,0.488373463103585,-0.6423853175473262,-0.9854091506058845,-0.031861037764606956,1.6833341557367414,0.34727217297631013,-0.6648430600306926,-0.8026164175478359,1.0665272502580265,0.701721907662499
1.282001075251529,1.0130714314686744,0.7745402631482827,-0.8381669126554772,-1.2075089804905745,-0.9314239011138058,1.3165446396977958,-0.7243798896751212,0.011435467344952153,1.0038065883457252,0.9117329294310853,0.40968880868928453
-0.43576220850934555,0.3950872944413809,-0.10677585352968376,-0.32795425640537756,-0.2872216676141035,-0.4141180305872943,0.3509340641121595,-0.42043913521525333,0.09620800688571311,1.0812687729087085,-0.32164472080138545,0.08188754366741613
-0.9511768263688715,0.6546406319928442,0.5091457493637996,-0.9331436980937581,0.3253937201511625,-1.4578856277558296,0.213465442708205,1.1561543535317085,-0.5241654901317205,-0.5662112597928985,-4.027114314370287,-1.4792246376185763
-0.3662062579828382,-0.06840080832908926,0.7387700502385522,-0.8654419874810633,0.4204854364516104,-0.09366306654432245,-0.5642584424402518,0.8090750492949162,-0.8863228559782309,0.7118901634731547,-2.0092361428185965,-1.6712934767777137
-0.2645219017341659,1.2293658794282272,-0.19463377805205714,-0.23587262302749024,-0.9708343805513854,-0.5354331241178472,0.7711233629443595,-1.0203206355038146,-0.743902345748688,-0.4489253236917232,0.3387579175038254,0.31707553727034354
-0.8053813738244712,1.56513726054639,-0.001020868529589532,0.051500755555552086,-0.5782072003377836,0.181012616921082,1.1116583084729161,-0.7618828950095536,0.4939900765866525,0.7477966333781654,0.2806458012313648,1.2306783186530577
-1.631466205962415,1.6351754627428166,-1.2090395311498867,0.8283195235991833,-0.4319218446664441,1.3964525162554964,2.225696271619498,-0.9606253295294652,0.8553852915984097,-0.45355382269123545,0.11064263087684116,1.7576302917286324
-0.04024487104527332,2.100723512636711,-0.46541940697794937,-0.7521025236685399,-0.9298984444295948,0.3160614946249061,2.5519422252331085,-0.8580458311451996,0.2964436162168926,0.0022555707312270435,-0.523753393045419,0.9001606428145752
0.21307916436099153,0.9471531235190964,0.8640068418726535,-0.42352843005812524,-0.9799482737838069,-0.8925115126228726,0.9034417514900813,0.5296754913924532,0.1280144610759586,-0.8026164175478359,-1.2740410632967598,-0.07495557013421592
0.9363642061507574,1.981246579478101,3.0738825254658124,-1.017065070080629,-0.8436048349243541,0.36641870326022974,1.053108292821429,-0.8852762151631215,0.41179079340539804,-0.8026164175478359,-0.19130616343169543,0.6810513618410919
-0.48151442608711414,2.438554840878298,-0.7362954647072579,-0.1937039879420465,-0.8013625111155893,1.1721340414254156,3.089192831812958,-0.3750368879774625,0.24827774747910555,-0.8026164175478359,0.5749649634778011,1.4606718868369184
-1.080688074564719,1.0913494221587983,-0.47647560837313835,-0.9525229674493997,-0.24264614611155416,-1.3777718867450868,0.4954116490299494,0.07353819431093801,0.34567957560479434,0.33271052270958135,-3.0311642247380055,-1.2792973656342277
-1.2369216420843392,1.3570826010805346,0.23735740194833407,0.7475969412106778,0.176024957701467,0.6891626313320797,0.9477802223372723,1.1974062827362637,0.08111963712444732,-0.8026164175478359,0.18687350154261734,1.3457448746378688
-1.4038352623111747,2.5662715625306056,-0.9296456696738571,-0.6913691778299356,-0.9991533333341088,-0.14402027517964608,3.8067790355416,-1.195908574449589,1.5597046031829849,0.052526874373655094,0.7232408548312711,2.230921672594198
1.318034213400179,1.9400476370096147,-0.37885186477492167,-1.3410175510587565,-0.9590330107383179,-0.7437288507457787,1.575527777711781,-0.3646326510296527,0.47013811148395257,-0.5942098399256487,0.23895569591313906,0.3839709869769348
-0.7039241632712949,0.732918622682968,1.6946399731996533,-0.7334852728504192,1.0504660610178576,0.13294437231463646,-0.28417096677411025,2.706533801884458,-0.38083645647570896,0.06576366413836444,-4.255594715104898,-1.4044763271186038
-2.591083295754294,1.639295356989665,-1.3330203585495226,0.3771139796651578,-0.9541251758983641,0.9523934946530923,1.882102165220262,-1.195908574449589,1.6449090916266524,-0.8026164175478359,1.0172441112906323,2.6963980362997857
0.15454029040429987,0.9862921188641584,0.1365611269153196,-0.17395894045639002,-0.8607669990765179,-0.03872792985124131,0.6721072319781872,-0.8369445991301805,-0.14556066024228603,0.49795595641774487,-0.5609469932459864,-0.21468226124606538
1.5273386747622175,2.055404675921376,-0.0507757063224431,-1.3023174817017906,-1.3965575396338856,-0.853599124131941,1.9394130271013472,-1.195908574449589,0.5224272183163214,-0.2995932320936944,0.5071848541145619,0.2611887357200582
-0.6906887548451617,-0.1075398036741512,0.8242162800003576,-1.3516621397276611,-0.3398781899351976,0.114632660083609,-0.2371605706094903,-0.9712876367218801,-0.2752373477581917,-0.8026164175478359,-3.994716534720046,-1.8292290226178953
-0.19287518868369738,-0.0395615486011489,0.3306490073665909,-0.4892620657826347,0.24143748909197638,-0.20811126798824098,-0.1431785018355755,-0.02301986362087586,-0.5551401244736447,1.802161473682501,-1.5962860793155256,-0.9801623847414073
-1.0612899727671885,2.543612144172938,-1.921577949804656,-0.8678533906863457,-1.1902047006092271,0.7097633075919852,3.8219199456736974,-0.8244668336916616,1.6272560557882672,-0.8026164175478359,0.722968733763499,2.339302833068227
0.6050555854937604,1.896788747417704,-0.43057753939909715,-1.124395342143006,-1.4490881666923239,-1.7050937428746942,1.488670843117677,-0.9606933395565252,0.38861948960957543,-0.8026164175478359,0.7249015639067008,0.03574177355479822
1.6747839928072914,2.3458572203242043,-0.36792464030869865,-1.140646993285816,-1.0058707355359693,0.009340314755204217,2.171870529717668,-1.0260473096478009,-0.6558706838049386,0.782031711550264,0.879540470483906,1.5369237646964975
0.08935417200880648,1.254085244909319,0.4744486679104959,-0.1436917867807402,-0.5694719664337152,-0.23100090827702466,1.19154500310851,-0.6045093601298731,-0.489468073258999,0.4631423750801362,0.9006514200153066,1.3112659373106874
0.8776768096960164,1.7381728189140322,0.1325900176274277,-0.48097377235404903,-0.7375634831565999,-2.0049480306577605,1.4889806315602774,-0.1958628800404976,0.3858036647045197,0.6711079437768093,-0.6273145739632563,-0.25288539865772514
0.0040966975011029584,-0.04368144284799753,0.15033994329685618,-0.7840558725534854,1.151178933231638,-0.6178358291574683,-0.12129969307691796,0.887385806430936,0.40940999710111053,-0.8026164175478359,-2.0006283596005754,-1.662007451383889
0.24441869278856576,-0.004542447502935602,-0.4697176161614671,-1.210297010632976,-0.10018494735207914,-0.6498813255617657,-0.25129466830313635,-0.617294251372699,-0.7044386506115606,-0.8026164175478359,-0.9673497728174968,-0.9434821301788946
-0.9620738738687695,1.9565272139970091,-0.361822859666032,-0.9204058846732649,-1.019841524728417,-0.2607574406524427,1.3560039425740296,-0.37870938213151367,1.3362402883476014,-0.8026164175478359,-0.1701052922392392,0.6464157813064644
0.4805202142777197,1.7876115498762157,0.2994425685582934,-0.8752548590346574,-1.1168949984846888,0.23365878958528374,1.52108245892475,-1.195908574449589,-0.5857411722987308,-0.8026164175478359,-0.04671966007313812,0.5262418186438922
-0.026733415754740513,0.6278613193883281,-1.008278978253473,-0.9201443055052884,-1.1481692457826895,-0.1508871672662817,0.8922506440011397,-0.6892927185832153,0.43585261636387423,-0.8026164175478359,0.7425497898939083,0.28023005706989473
0.8128473378956738,1.4971590054733876,-0.722236892306571,-0.8964716901422851,-0.6922431671761083,-0.693371642110455,1.1683883170241254,-0.6136757773603713,-1.2716680962225018,-0.15813259669406476,0.027717550293114675,-0.5004302251332919
-0.33872783785396776,0.9265536522848533,1.9680953884564016,-0.6053575642685658,-0.3517018874785672,0.1833015809499601,-0.0855578515118898,0.036846972776051826,-0.5638620368831438,-0.8026164175478359,-0.12050634843457143,-0.623608797240218
0.752717342226124,0.29620983251701394,2.4549609299480863,-0.0018102115396538827,0.37331895398185233,-1.029849354355575,-0.07425057335697298,0.6240328187983961,-1.9085677531187384,1.070889010911048,-1.1536594357704146,-1.554705852128314
0.5800180788560477,-0.05398117846511909,-0.13758774986715713,-0.8591042593629514,-0.42997814232230575,-0.599524116926442,0.09512625763482897,-0.4295768328261998,0.35442392948481416,1.4719279729801498,-0.20199071154091958,-0.7652919414332049
-0.11233132638247749,1.34060302409314,0.987226922776409,-1.2378231682126697,-0.7017733028277394,-0.9772031816913732,0.9040613283752823,-0.12034823232058485,1.2881329246251951,-0.8026164175478359,-0.28241815589190233,-0.22978387973060493
0.28401997440834886,1.322063499982321,1.096457343412028,-0.7868380181522778,-0.5021938152452718,-0.8215536277276435,0.7346457738281552,-0.3897696436228708,-0.5160916296609247,0.16942818762896397,-0.24151958669723367,-0.15629182671123631
-0.14860799451630674,1.0398507440731906,1.1516240506633928,-1.384616038346477,-0.24301524973712427,-0.034150001793485076,-0.035681912253215604,-0.13792213949250384,-1.612501021017754,-0.8026164175478359,-1.9588008253927638,-0.9683894088547271
0.2426890775795365,0.8091366662496675,-0.418384566398066,-0.4285650959316928,-0.8892350787092042,-1.0939403471641698,0.8558117784402605,-0.48584637295311733,-0.6383139050944479,-0.8026164175478359,-0.2545279617989981,-0.7587330882266835
0.2837013667446763,-0.251736102313853,-0.8826801573238781,-0.25435547283956944,-0.5920597808514251,-0.3500270377786994,-0.08722296439086727,-0.732908627374148,-0.6094328800849305,-0.8026164175478359,-1.0219693404669374,-1.0451650389304479
1.5661186351512453,0.508384386229718,-0.8392039530850376,-0.3052845220390969,-1.290658315563373,-0.9085342608250221,1.6261007409663062,-0.5868864404047112,0.8844482983282557,0.003910069090513385,1.2230827591530427,1.3199375385988528
0.4602976371382236,0.5722427470558717,0.021397806057101405,-0.7023364721397448,-0.5261532585219174,-0.6109689370708339,0.4458067746585506,0.29705946996687066,1.4404321886526625,2.2758895272800195,-0.017952113417956883,0.053907346358186004
2.0244803606091835,1.1510878887381033,-0.5671466917128876,-0.8744230584370744,-1.3290193019176046,-1.3182588219942493,2.064141598803358,-1.195908574449589,0.3930925405416912,1.3082088989667133,1.3050110552261749,1.808856734504327
0.10025684653164628,0.09227506729800705,-0.723773634714152,-0.7601492520806937,-0.8212833220193803,-0.29280293705674015,0.052181834779340096,-0.6156163042561189,0.3898049807031509,0.30075494604762465,0.9904684470081075,0.569716315351081
-0.6720158567137633,0.4445260254035644,-0.5945639585384727,-0.3467778711111192,-0.3112992472051643,0.989016919115146,0.3941882754102488,-0.10488033847605047,1.6082711732359425,0.337118754578807,0.47811395175909754,1.5943257879978254
0.820040833269391,-0.91915897030333,0.6490521669732587,-0.9262020936132922,-0.48447962941303924,-0.5972351528975639,-0.13694400942824123,-0.8365726572477085,-0.6161252903935975,-0.8026164175478359,0.9991741389861449,0.5290863117632959
0.40485065567438616,-0.4391912905454654,0.30149792156623184,-0.49350196440931177,-0.018207337447144586,-0.48965384354027974,-0.2270149991143252,-0.2380271367823592,0.14019571203460765,1.4484270634675762,-0.5456886654961244,-0.550325458371075
0.11430730041753685,0.40950692430535107,-0.4521721310469027,-0.8056163869240315,-0.8216781288990938,-0.21040023201711908,0.3302169620132537,0.1762011446581002,0.9873308813945169,0.4766017062832058,0.8815244909889421,0.6898127946494534
0.3124337327611737,0.37036792896028914,-0.5222594611434345,-1.0512891267827695,-0.8273687358971474,-0.5789234406665364,0.3628996427076023,-1.195908574449589,1.1488111918157955,-0.8026164175478359,0.7787815397302144,1.0712651018950141
0.6620429839135193,-1.1066141585349425,0.2204614896496448,-0.3128275938074208,0.611850213614582,0.2885939262783649,-1.0505875737676502,0.608397841177351,-2.313101911333312,-0.22723788231282213,0.6001782039441197,-0.8953492632902044
1.041425307929956,0.8668151857055483,1.1973359900921823,-0.7620273160918345,-1.2579630668120287,-0.519410375915699,0.7269010627631437,-1.0813175561676602,1.6423822642197874,-0.8026164175478359,-0.11097285126297748,-0.32315784118064345
0.3603499141771093,0.8029568248793946,-0.8614691671048721,-0.6617831484217849,-1.2526377590864324,-1.1580313399727633,1.028209046747417,-1.0555251116762494,1.262409140973777,-0.8026164175478359,0.7176201272104,0.4188381409624575
-1.0825527744450572,-0.18787774148769934,0.9394405486896996,-0.5368143079154498,0.9540854881208447,1.5589689623058605,-0.9653957520525236,-0.06184902344352689,0.37018864586543354,1.457917681245912,-1.3075567334230023,-1.0623342422223065
0.08164470412334203,0.4342262897864428,0.24244074948329547,-0.43248787569261665,-0.42482128595841595,-0.14402027517964608,-0.08060123643028241,-0.008854178099456224,0.13637904613290497,-0.8026164175478359,-0.2780743332080161,-0.5472052376955271
-2.5278945897931333,-0.7646629360465067,0.6761970073319953,1.3357404997579487,2.1034600342278127,1.4788552212951163,-1.2355312740001254,-0.4942918529464981,-0.6780937018193709,1.9889422300802513,-1.3866344031644977,-1.0122062077799796
-0.78432301425733,-0.5978072190491374,-0.4154947673976516,0.1807123338723623,0.8262082065950179,-0.560611728435509,-0.7811490758158994,-1.195908574449589,0.3562677985108406,-0.8026164175478359,-0.17531621258065852,-1.013085232994165
-2.169837800397207,-0.16521832313003193,0.42023220259369953,-0.00833854174990629,1.737109333972967,1.9046025306664942,-0.8759056156963154,0.7307787729717404,-0.06072857237463322,4.824291813806136,0.35852769421731406,0.1883910855160628
-0.1527369136958371,0.7761775122748785,-0.25424354280044276,-0.6844967672155985,-0.7347395871639627,0.7692763723428226,1.012061324176868,-1.0585663233938796,1.1626129383878678,-0.8026164175478359,-0.26518725898226664,0.7883682242906355
-0.46865595642332375,1.6228157800022707,1.2238100251401478,-0.5824314421067296,-0.22133716416171736,1.2133353939452267,1.367040155841671,-0.41830941802755006,1.7606019215973632,0.4833771095389934,0.6191775648657278,1.2515643159130492
-0.8051259913141324,-0.7193440993311718,1.6331477505670469,0.4230809959635132,1.8546803697069072,2.1312099695254507,-1.3337729338597966,1.2832755036107208,-0.989198415468584,-0.8026164175478359,-1.4977098628948426,-1.5503186100367383
-0.764243638676723,-0.6781451568626855,-0.6277408347722456,0.6359949915708907,1.1016134792620245,1.52921242993044,-0.655800927228688,0.32274420260057307,0.4571459402860917,-0.8026164175478359,-0.03864521577971373,-0.3363734561047772
-1.2781582345896112,0.5701827999324474,-0.3210433475112993,0.6358856104302121,0.5123670796114392,1.664261307634264,1.0603495976672148,0.7266164069825546,1.109262580664396,0.16134945771363762,0.5618423415690581,2.0865430399454454
0.9796057423377472,2.1336826666115,1.7612219453692057,1.948527097200147,-0.4970164456536451,2.2342133508249784,1.5220118242525515,-0.7998048908219392,-0.6806439747143324,0.1574215400649995,1.335772137318213,2.0577185674551095
0.9120612448978925,1.3756221251913534,1.6068204603243657,2.476337210334988,0.12951037617186326,-0.5445889802333609,-0.5857887392009838,-0.45335424282224746,-0.615907893787169,-0.8026164175478359,-0.02197697897133067,-0.34159264462827166
0.08250974893846882,0.36624803471344053,0.8036968794085271,-0.7224877947521151,-0.6706843700087014,0.49231172484854013,-0.05206197615571497,-0.708781738907218,0.6662444952159507,0.31607962339177376,0.508494618555188,-0.0567682182743414
1.9620803539839171,0.7081992572018763,0.7123453615052632,2.810503377379106,-0.5210068124827256,-0.48965384354027974,0.12622127256085022,-0.7482949379602141,-1.1908701480646404,-0.440206514545662,0.6598756553901999,-0.46375450770572413
0.06235949542778368,0.20145226483949558,0.8711122951667589,2.2118236404938556,-0.4995175315431824,0.9569714227108486,-0.6183165256740323,-0.45214089271864727,-1.1888762980071201,-0.8026164175478359,0.5114513822398855,-0.09078271884915272
0.5483487943367311,1.2231860380579542,1.4549657421718363,-0.690976578695229,-0.9759087177124064,-0.6590371816772794,0.6428709477077688,-0.6878463784567961,0.4533644057270951,-0.588845184069646,0.5755644822224729,0.21743479146741745
1.156387191852196,1.0748698451714038,0.5220320889988597,0.9350444535718218,-0.5980960848031408,2.076274832832371,0.16401546255810645,0.06750819050286377,0.030849979115100158,-0.8026164175478359,0.9194492555736684,0.5640937602110828
-0.49238676205525683,-0.2496761551904287,-0.34060810258525404,2.1336103816847745,0.9432136362318214,0.922636962277673,-0.9580770000960876,-0.9637022661658383,-2.82911878752482,-0.8026164175478359,0.8561627201964125,-0.33663862662277794
0.48052780245049487,0.8853547098163671,1.565148827166107,2.5228995570947887,-0.24152254346779345,1.1996016097719555,-0.6310565753759763,-0.8119926673066367,-0.4509518424599278,-0.8026164175478359,0.2756164196824407,0.05024697814294851
0.1900315593857415,1.11606878763989,-0.7143018694045205,2.333913623541745,0.3346077845441259,2.3623953364421655,-0.1425589249503746,-0.19831788563265376,-0.19950429227599942,-0.8026164175478359,0.5062784997209663,1.1982757674749869
1.9535097599112732,0.7514581467937869,1.7964616052602251,-0.08087011892525531,-0.3471335753925777,-2.362026419162786,-0.22763457599952613,-0.02601354294741521,-0.42922312546519675,-0.8026164175478359,0.390995435067337,-1.0718679157410904
-0.9215642024859546,2.3211378548431125,2.3545512116794933,0.5552585662061198,-0.7989043587399616,-1.27476850544556,0.7423517613378418,-0.2682352902856251,1.8795017556031157,-0.8026164175478359,0.841853177681241,1.9530714737965857
-0.12146707783785476,0.6155016366477822,0.5924305058301067,2.8503176438478186,-0.005778326478788558,1.76955365296267,0.3256475824848969,0.33565050961272347,-0.3379293874171654,-0.49732489580309946,0.032795897039527205,0.5132349941287692
-0.39036330354275883,0.22823157744401162,1.497560282631357,2.294569346230736,0.3515394104827616,1.247669854378401,-0.4586593070688198,0.9935780683761178,-1.34189317343321,-0.2884150217046185,-0.1311823557488534,-0.2535031335670853
-1.1174747335155524,0.5331037517108098,1.4307204894468433,-1.0549869190218646,0.7257144675542515,-0.07306239028441686,-0.9748055759965125,-0.3653360726071688,-0.6610896893664192,-0.6756755028074689,-1.7840572701998005,-0.9009849220909364
-0.11248294315405831,0.47748517937835333,0.7020052469089523,1.1948213423841065,0.22781160384701923,1.1927347176853211,-0.43592858009301094,-0.24859568422551162,-0.14255755463097405,1.2372224915219203,0.5679982855244102,-0.06055037277718395
-0.12743799123003294,0.22617163032058732,3.892000554452853,0.02949436008541734,0.8641059848331535,-0.04101689388011942,-0.8082555645434398,1.5536813420041284,0.26251181723971995,-0.8026164175478359,-1.5688912583902515,-0.8897465799456182
0.1767324868424543,-0.1775780058705778,0.12767471919750867,0.09740989112981897,-0.2721879986638819,-0.01126036150470137,-0.3847360399532848,-0.033620022650162215,0.29773164722979745,-0.007050117372103956,0.3251356942229176,-0.15269107711538535
0.31724131388772,1.0316109555794932,-1.2145972090411687,0.10574340299493076,-0.9587997205374514,0.2702822140473387,0.3333922935499084,-1.195908574449589,-0.5683297445230371,-0.8026164175478359,0.823857850236989,0.9635555507036907
-1.600154136170645,0.03871644208897495,1.520918322409668,0.656936531657191,0.19582670700006474,-1.1877878723481827,-0.6513864419216314,-1.195908574449589,-0.2574391143454179,-0.8026164175478359,-0.20561376079008442,-0.26484202565959153
0.12229195295304063,-0.4268316078049195,0.05187949818282184,0.8326429764757234,-0.17320115666875957,0.8402342572380519,-0.7150479668760261,-0.4150970573634566,-1.1716692763144132,0.4136576414964632,0.3612721469689479,-0.48203609071748194
0.6125549805333496,0.13965385113676623,0.9739572666944242,3.385418506821308,0.17141910867900167,-0.06161757014002501,-0.9231096296375606,-1.195908574449589,-1.7079382885684042,-0.8026164175478359,0.23865065147460401,-0.4583710896816756
0.4537755879380393,0.4898448621188992,3.650881743200556,0.49883080908615174,0.6538768169829822,-0.8352874119009134,-0.9227998411949602,0.6385398872683863,0.33407914808465355,-0.8026164175478359,-0.4386765692586834,-1.1701075999918658
1.1996502212333688,0.5825424826729932,0.9862316517946886,-0.03903393841420895,0.6346998372445275,-1.4166842752360198,-0.44626776936480134,2.787476105774887,-0.09889781339178996,-0.8026164175478359,-0.8858155007292904,-1.684453925045997
0.21058065791079214,0.030476653595277698,1.0911366408186947,0.22150677815480332,0.44083544276330733,0.07572027159267722,-0.6183552492293574,-0.6433405836908964,-1.299474278563042,1.0453138760667338,0.5401016471474885,-0.13016142637854236
-1.9765505626185478,0.6608204733631171,1.679498334979824,0.8949003506965341,0.9160208306091894,2.563824170983463,-0.6190909967805334,0.5448363854031385,0.4036959744505678,-0.34434398634841334,-0.6827404323130599,0.23656333298163076
-1.0693101018528868,1.017191325715523,-0.40001342963305375,5.048480536706424,-0.41435952503931384,2.772119897611394,0.34284084104922247,-0.35667773377118867,1.4958752807141942,-0.8026164175478359,0.5587027904990217,1.265857641533381
0.9601508245796848,0.7576379881640598,2.686376811961172,-0.4424607832020607,0.5399376865448156,0.17414572483444637,-0.7131505126650983,0.11095906660827728,-0.4092621726302645,0.03416166466946857,-0.8909974524708076,-1.2811880793176986
0.8904052841529755,1.453900115881477,1.212766384163482,-1.3269401306463346,-0.7531665857627202,0.43508762412658086,0.23061997771720552,-0.5904612221390726,1.2737248013227704,-0.10286365928120611,0.23852760937683307,0.30328711904505024
2.6088613713591613,0.7535180939172111,-0.6451200304501956,0.06353639945340583,-1.424567754725315,-1.098518275221926,-0.1938676357560759,-1.195908574449589,-2.599043847177065,-0.8026164175478359,1.0089993106656439,-0.5076230555469888
-0.186560492258547,-0.05398117846511909,1.2938025447761698,0.43943169113844005,1.6213246111317916,1.057685839981497,-0.7942376375157689,1.2311664898809571,-2.169689007300702,-0.8026164175478359,0.2520271685144376,-0.19713323016070622
-1.5954205303517985,0.3847875588242593,0.33383986460497567,0.36170202274859964,-0.00916738279912598,0.49231172484854013,-0.18306376382038483,0.3296990452549631,1.8952268926090634,-0.1294411847329302,0.7564977027434437,0.4319562385178113
2.0593049469948532,0.16643316374128228,1.885755714973655,0.21020229942980234,-0.47555586184112586,-1.5173986925066671,-0.18147609805205747,-1.0938816054729121,-0.987531334987865,0.7498306263117158,0.5999634956887587,-0.6336221126394612
2.474017640826127,0.3641880875900162,1.3983101290990534,0.8646753353428722,-0.2515829179434451,-0.18751059172833537,-0.009349894632176435,-0.8318389437528932,-2.3668999035951934,-0.8026164175478359,0.7210098991204416,-0.5131590884725513
0.7699013519301706,1.4806794284859932,-0.022185888676421107,-0.7325939238698391,-1.0849374584679494,-0.1897995557572135,0.20184837611068773,-0.7400953982775343,-0.12832093067847553,-0.29375374417046785,0.566837360024117,0.34107125434027874
0.9680847261497342,1.6990338235689701,0.09243625153081418,0.5789080890181619,-1.0190522635825865,0.16498986871893265,0.7558275585909617,-1.063342812221702,1.20365796442313,-0.8026164175478359,0.801023941698457,0.6479785637874099
0.2946096129265773,0.8338560317307593,0.4022574892771942,4.5266123314581295,-0.07879733815263051,0.47857794067527015,-0.39112542658191934,0.5982471414267477,-0.4943395044751529,-0.605293917093208,-0.2402873800579973,-0.4545669724890717
2.0034279657240095,0.31680930375125704,0.4352939171528803,0.7223639344279777,-0.9436660172682424,-0.6910826780815769,-0.15835813552299807,-1.195908574449589,-1.8901092178559042,-0.8026164175478359,0.7989739093318424,-0.46383433272549324
2.231735090317398,0.9862921188641584,-0.9609918958904717,-0.4676700482413454,-0.792473260210629,-1.2976581457343437,0.15166264840941307,-0.3420840479272651,-1.330509568757558,-0.5911886290162468,0.6620861582913826,-0.5150310762843074
1.9594899455725994,0.858575397211851,0.2753774724411856,0.6079646335361966,-0.46994351669904166,-0.988648001835765,0.49370781259564683,0.7290317601072142,-0.3058467682765849,-0.8026164175478359,0.46724275858872766,0.0925086119447733
0.5171390824472122,0.3106294623809841,-0.31095606642735346,1.0846559142363583,0.05022580651599866,0.7852991205449708,-0.35921721699407183,0.5278879869099307,-0.046589083540355694,-0.3756435768531275,0.8769817493744917,0.580689689101186
-0.06667364927242832,0.14789363963046348,-0.23464859992767936,0.33765885984316063,-0.8888201455168879,-1.4647525198424654,-0.47775001984407317,-0.6990465049624571,0.3342269560075111,-0.8026164175478359,0.7858653818898486,-0.17156113033296483
2.1861631146866545,0.02223686510158045,-0.0772470357496846,-0.4310885370737095,-0.7180097283422363,-1.2930802176765874,-0.4281064219173493,-0.49189519231747586,-2.4758275484268846,-0.556583323798232,0.7002049266576393,-1.133593084731143
1.0974219635900935,1.1737473070957707,0.4331763376665022,-0.05704125623970108,-0.46629889043800227,-0.3248484334610376,0.06201761783190472,-0.6902016194971919,0.6253295253248747,-0.8026164175478359,0.18582855684473265,-0.1282200975960653
-0.9726569275284177,-0.5875074834320159,1.9601625754569625,0.9736951039084889,2.2760352701725113,1.1034651205590644,-0.9995886514045494,0.07287384614221089,-0.16882600971434916,2.427637185141123,0.8491429741973914,1.254058655942343
1.5895543161926948,0.9945319073578556,1.8960976183801912,-0.3668724332649356,0.30596573054609116,-0.6247027212441039,-0.7078841091408905,-0.2490191519924951,-0.2341351443424662,-0.8026164175478359,0.42272507906628415,-0.3324828411718589
-0.5066404924246978,0.5022045448594451,0.032198391757636585,0.368743332276571,0.10831923040110507,1.510900717699415,0.06929764623301556,0.26937590197264916,0.6566748961302524,0.8228695114754017,0.5803138461563633,0.8581163915753438
-0.1053444142984403,0.355948299096319,0.5953055757637771,-0.04902758986943169,-0.25086142718981963,-0.46676420325149603,-0.2652738717754821,-0.08444567587469418,1.1179025139572318,-0.8026164175478359,-0.3286955184878789,-0.5381203063267205
-0.4535478351713464,0.5001445977360208,0.3638186617012564,1.3367015416400334,-0.1548069749013963,1.181289897540928,-0.3038425328792395,-0.6756492234364412,0.10287331335537561,0.8453568023318929,0.11687340346799627,0.16309642924222065
-1.82923188820715,-1.4217860684188621,0.4296371194708741,2.840296141963669,1.7546328359749133,0.5106234370795664,-1.3417112627014334,1.8746618524724552,-1.9409120186702653,-0.8026164175478359,-0.3868862446424358,-1.1812754581010207
-1.4057554312904554,-0.8347011382429332,0.6708104330191315,0.17262168673425235,1.6338106590695014,0.7715653363717008,-1.164047590870069,-0.11014286869854036,-0.33624119358802534,0.7187824698120071,0.5820563986526754,0.3519162817416538
-0.7041079153479356,0.22823157744401162,-0.006933787132415548,1.4129064455042741,0.2772096287587179,2.0121838400237757,0.2261667688548239,-0.5279604269738867,0.9244761844526199,-0.07714202124268157,0.9608425728677561,1.8462660650428253
-0.529235315962901,-0.6719653154924127,-0.4049394066463024,1.292660277192394,0.5643404320164827,0.5724254658592831,-0.9108342625995174,1.2850732247437404,-0.7655929338573664,1.2701313114377542,-0.09230909370725698,-0.8736978851736004
-0.2542928594684829,-0.9830173311294838,-0.013347814698752118,1.0478289651849393,0.5049573932146401,1.0073286313461722,-0.9802655972973456,-0.036966091280687105,-1.067396708175897,1.0377297858513055,0.3608117155713286,-0.6251286434364823
0.848626475209775,-0.20023742422824523,-0.08777089932416558,-0.6086250304558025,0.3377877559287346,-0.46676420325149603,-0.04768621440398346,-0.7228243125287104,0.8486569913953608,-0.8026164175478359,-0.06942572339295705,0.6505592778885712
-0.2604877972299694,-1.0757149516835778,0.5342148370496776,1.8156870632430984,1.7296207923107563,1.6757061277786571,-1.367191362105321,0.83730544986466,-2.0998079943387453,0.8760814982074964,-0.31049287524841207,-0.6956290144272897
-0.646123712484293,0.5495833286982043,-0.46222726861490143,0.05658791342203478,-1.1815161839976234,1.368984947908954,0.9733764924071353,-0.48640388214850183,1.8872784420494912,-0.8026164175478359,1.2161375997505748,2.486867662226872
-0.7038858922541023,-0.27851541491836906,1.0085201910314392,2.4820249495870366,0.9883469819898724,1.2980270630137247,-1.0229776788208842,1.0819455180090418,-0.6834114247777389,1.1547298562268449,0.005187136189822173,-0.1868183941766361
1.5943179111006895,0.35800824621974325,0.08462656943922325,0.8079902529085151,-0.7531798358409552,-1.1351416996839796,0.0937322096431269,-1.195908574449589,0.990651867479202,-0.8026164175478359,1.076036531737965,0.2760327429339881
-0.10018898852693141,-0.7172841522077474,-0.3894079335133052,0.4548107974790411,0.4572647110471589,-0.18522162769945727,-0.5155442098413294,1.1158541145692489,-0.3955249559271888,-0.8026164175478359,0.7925632502910289,-0.5291683277799647
-0.667145969343383,0.3312289336152272,-0.1598388029867087,1.5630598266651978,-0.5503482376010119,0.5106234370795664,0.14887455242600892,-0.5218844153360616,-0.01953023551726635,-0.24929790516441358,0.5462027461922055,0.5239331327098806
0.497789888094229,-0.24555626094358007,0.6520700398937367,-0.6041789095325584,-0.18249700110221165,0.45797726441536457,-0.04733770240605794,-0.29525109711109837,-0.06879156301585103,0.3966658607443845,1.0917956869865961,0.918116583515087
1.753364593367946,-0.41859181931122225,0.39969979026600083,-0.7708626791458586,-0.15978754516103957,-2.5153870090976365,-0.1351240023279635,-0.978025308803498,0.9197533164614433,-0.8026164175478359,-1.3314226579136734,-1.0942378362312482
0.9278458891919219,-0.859420503724025,-2.278760966744875,0.3923337679024293,-1.1774030570687513,-0.40496217447178057,-0.11645924866128576,-0.44897251434647,0.3384549702126467,-0.8026164175478359,0.4797472868767368,-0.08284507460593972
1.357267732159059,0.4507058667738373,-1.2285505284145675,-0.9436948906842175,-1.399282831274134,-1.2335671529257501,0.49424994237019765,-1.0929554541679383,0.970466018151385,-0.8026164175478359,1.2998069199705327,0.5493208110158764
1.0954702667770435,-0.32383425163370394,-1.6629634703502112,-0.5918723489972701,-0.6470387557302356,-1.6249800018639513,-0.01086011328985368,-0.5728455063637674,0.29494092283866413,0.359783802137876,0.11780676798759891,-0.9695127470175575
0.7597345339585071,-0.04574138997142184,-1.408043236256406,-1.2585576574621715,-0.772858986078348,-0.6384365054173738,0.48247798155138016,-0.8710330710944424,0.9619069460833084,0.6346460291579925,-0.6853976068417058,0.3274581032495117
0.40789629688393975,-1.1807722549782176,-1.4409310595762865,-0.9626016219652925,-0.5405518570955439,0.07572027159267722,-0.1633534741599305,-0.6613297595528296,0.7789029882465728,-0.8026164175478359,0.967634035141709,0.9321631024446237
1.894177543094389,0.21793184182689007,-0.24422922219455176,-1.3076314901116792,-0.1940379737049003,-1.3388594982541548,0.5762277089933446,-0.3468233723882133,0.7370325705333198,-0.8026164175478359,0.5035632764690198,0.2285174009109907
-1.2691297065929588,-0.9562380185249677,0.18073400319469932,-0.20002715334038315,2.1113875117439034,2.3898629047887083,-0.9069619070670116,-0.6154718844519836,-0.9143764420473806,-0.8026164175478359,0.9562646685444877,1.1180322118372572
-0.8007526567357632,-0.3464936699913714,-0.3415105651158927,0.20261113043050422,0.39625308378407337,1.694017840009682,-0.0662735209600111,-0.023936891448491697,0.6925617911862262,0.43023936712670063,-0.10241608647684611,0.7127282611787431
-0.39231316525180965,-0.7749626716636282,2.0114630950305794,0.557609396928445,0.6960546734229661,-0.3408711816631857,-0.6506119708151303,0.08605116997959286,-0.3896340058357279,-0.8026164175478359,-3.5272671450330146,-1.922516571075464
0.4623890046642275,-1.5701022613054125,-1.2570639189766695,1.2333031194798094,1.580196795720127,0.7463867320540389,-1.280992727951743,3.3364816839109457,-2.249615128238633,-0.8026164175478359,0.7570401715294383,-1.0178337599125886
1.527253613432901,-0.11783953929127275,-0.19581754772164078,-0.93034153788267,-1.0251185581669688,-1.4006615270338705,0.7565245825868128,-1.0599812338361478,0.8586550538338461,0.23888533837423806,-0.6924704202395761,-0.2703544300565684
1.893283270696259,-0.7749626716636282,1.280690584048387,-0.5778955420279653,-0.8127871413756779,-1.4441518435825598,0.8069426516200378,-0.17527158641961968,1.1110309885774488,0.2682800611331641,-0.2626587842394754,-0.6766318289649212
1.6879116910481216,0.5331037517108098,-0.3891438733319605,-0.8908222526142768,-1.3698766206067954,0.029940991015109806,2.6345782922967813,-0.3135008347500228,0.35492299867927374,0.7707053330262129,1.362546150042312,2.552439248399084
0.2931228010825786,-1.131333524016034,-0.2625916093956668,0.014887209038085093,1.2169398763028114,0.583870286003675,-0.6678439529347809,1.4070711288232707,0.04876998742535258,0.1303642271888246,0.8060646704664567,0.4287238663328023
-0.1973745367766015,-1.3785271788269515,0.41773665979633745,-0.2129707525454158,1.3089511192035983,0.423642803982189,-1.1524305242725517,0.14996269434154305,-1.1610734580442996,1.5290977641946863,-0.48273044035917423,-0.801728168502126
0.8757710601375426,0.4445260254035644,-1.5551289199799392,-0.64101797030113,-1.5589872736321302,-0.6475923615328876,0.8417551278572646,-0.9353676841526007,0.933360415773486,-0.8026164175478359,0.8489857887686986,1.0013193423367002
1.6321871006934623,-0.17345811162372918,2.5465206406535756,-0.9439441378840103,0.0700711575573587,0.30003874642275674,0.38303589147663225,0.19205720969570364,-0.2566993031671488,-0.8026164175478359,0.3306021896675225,1.5403480770558127
0.5496845634316982,-1.2013717262124608,0.16227034366572268,0.6968427536677995,-0.38852537434084206,1.0279293076060778,-0.36537426229075604,-1.1253801552597478,-1.1091804445317128,1.0625737408216422,0.9777818932325762,0.47407016514345834
-0.8473306375553319,-0.6843249982329584,-0.5689030407783744,-0.8761164941082014,0.22182721160092927,-0.22642298021926716,-0.6204463212169105,0.08253350842680228,0.1265679467612056,-0.8026164175478359,-2.320313771135382,-1.3020713854535266
-1.8850090052801394,-0.9438783357844218,1.8033697801017599,0.4362054478231386,1.9983175134009337,3.0971527897121223,-1.230613382473843,0.9159277295936648,-1.3199447720250752,-0.8026164175478359,0.9131466818101335,1.2523964795405287
1.3669823383671718,0.26325067854222495,-0.461260931152389,-0.3694605979121338,-1.478696237173041,-0.5835013687242927,2.441192857003444,-0.9616980035735714,0.9759290765182655,-0.8026164175478359,1.3493229783136838,2.57848598796361
-0.031861852736773597,-1.3270285007413438,-0.5425184718959564,0.2529049851652222,0.3311676527386295,0.32292838671154045,-1.1706305952753289,0.5495583267202654,-0.535680487942245,0.43096869838438406,0.18983140022720207,-0.7310296710909325
0.5813480619253341,-1.242570668680947,-0.6532447886856011,-0.15171987217611357,0.2036694653337234,0.12149955217024462,-0.8088751414286407,0.14449196625267352,0.271997036416293,0.15441602234192162,0.15669173484094537,-0.398082796429075
0.4631070652969068,-0.667845421245564,-0.921494405452936,-0.04386575569790195,-1.0407434716700013,-1.4670414838713435,0.02635322337752667,-0.906355440198793,0.8188061688855295,-0.8026164175478359,-0.23541641526984514,-0.07065490286884417
0.600186507227913,-0.8697202393411465,-0.7678840602737419,0.329653094786028,0.2536316182033432,-0.6178358291574683,-0.9168751372302264,-0.12387375597389655,-0.9969858768815286,0.18108753567666303,-1.0406337460327417,-1.0225907251336124
0.019655415389171125,-0.8964995519456626,-0.22923346748681678,0.2007679265021453,0.2676174596159361,0.19245743706547386,-0.597289635132526,1.2449885622019037,0.7705083707322441,0.47425776025087973,0.17147200723038789,-0.09288446170536122
-1.1283613152681646,-1.0757149516835778,-1.1817705447056666,-0.9056765941202259,0.42545392392294146,-0.665904073763915,-0.9805366621846211,2.473509420077847,0.7395828472030832,-0.8026164175478359,0.13711681014413535,-0.7713905512167781
-0.750396212061658,-1.4320858040359836,0.47584735169128073,1.5269050567508362,2.614785665928736,0.7257860557941334,-1.5840819954809688,0.35251130874314374,-1.7840880182941365,-0.8026164175478359,-0.6715698372376668,-0.9963555674274892
0.47195817709045385,-1.1148539470286396,-0.635738644272437,1.5857916741962996,1.1404055787261729,0.20848018526762194,-1.1353147128188763,0.9966284896132176,-0.2178745419749039,1.2338994948388866,-0.11297629992129386,-0.7180230750244379
0.8881811317508201,-1.3373282363584653,-1.0329992645333381,0.22448651195898897,-0.5627284798269174,-0.052461714024511275,-0.4804606687168272,-0.2843952760429073,0.422257138516161,-0.06921961765528603,0.7345669339334354,-0.26160650865257645
0.10286727258133377,-1.26317013991519,0.1443257509709475,-0.06528792035112857,0.1379288690454295,-0.5125434838290635,-0.6830235866222035,0.21270715536650908,-0.23935913316255086,-0.4630605917663036,0.4168362124032518,-0.48496784882508703
0.2784684537286123,-1.1272136297691855,-1.0949809714124268,0.06920277799065751,0.3186271586645313,-0.2767801888545921,-0.5819163836684781,0.9744643779158187,1.603219885923917,0.4679484320723064,-0.034634055519033154,-0.39436284720843456
-0.6501146253822124,-1.1292735768926099,2.021926068557792,-0.3804431910544624,2.035130607289185,1.8130439695113594,-0.839311855914136,-1.195908574449589,0.714204462782025,-0.8026164175478359,1.1788775466211436,1.7595031801661938
1.0170314743280733,-1.3641075489629815,0.7461730150288247,-0.2515689887337349,0.26004948970138675,-0.6613261457061576,-0.28471309654866106,1.0244234712447922,0.3542879225929639,-0.8026164175478359,-0.3894655856122073,-0.7697599547205025
0.7857496628196328,-1.3373282363584653,0.701665120841694,0.005848574720673506,0.2614576180080786,-1.1488754838572497,-0.7972193512757983,1.0432181143622579,0.13018304570084058,-0.8026164175478359,-0.0015495004157068618,-1.0896838742420711
0.4678932703754917,-0.8697202393411465,-0.6613266295939795,0.38575463111153935,0.0047611332898529896,-0.5926572248398064,-0.7128020006671728,-0.1117929958475978,0.7562705120865937,2.2412328914324076,-1.1917567469831334,-1.11809322254094
-1.0788633519817339,-1.1292735768926099,0.4193700137499913,-0.4034566952810234,0.7238986074881462,0.35955181117359414,-0.5884219409630878,-0.9305917363405101,1.1505739365553922,-0.8026164175478359,0.8592022643841241,1.550530835441516
1.6672980797583548,-0.7399435705654149,-2.5024489929117926,-1.0665172378674577,-1.1832380469428836,-1.4624635558135872,1.2120297638754653,-1.0584719699427747,1.6574328046400817,-0.8026164175478359,1.0221632487183516,1.222574555447003
0.3573494244855076,-0.13019922203181863,-0.7201811776722264,-0.8012872623261943,-0.90352968101638,0.011629278784082334,0.7375887640328597,-0.2150412335343024,0.8886516973376664,-0.5479540146468201,1.4310133002578076,1.9182326256108448
0.07466093354202555,-1.3105489237539494,-1.2669884047465096,-0.7739868980787931,0.0887846812947041,-0.6315696133307395,-0.8245969048906141,0.37831583639615585,-0.23417991710123987,0.30236972925748484,0.5197580642841362,-0.6190543396629407
0.37006911303393525,-1.3702873903332544,-0.9005315246790649,0.3743049150745797,0.060144192715884226,0.3206394226826623,-0.6377557504472112,0.14399253437659204,0.25175842028632744,1.2869927472198706,0.06816430750505467,-0.3378126485217829
-1.8350806641057957,-1.1581128366205502,-0.17570771821737124,0.21566792391306006,1.4725325938232576,0.8860135378156193,-1.1119644089578666,0.6941893012664415,-0.019286175509698335,-0.8026164175478359,-0.7706232625215796,-0.45584288508786647
-0.2236361207121022,-0.7687828302933553,-0.07429377467448423,-0.455651844352035,-0.31218881034818385,0.6914515953609578,-0.47767257273342306,0.10169119835383854,0.8201107963128366,1.2374715010081225,0.6750004322076049,1.0524546283377356
0.36701012238721625,-1.050995586202486,-0.3317026909561921,0.2578988507343023,0.22525761510705625,0.7875880845738489,-0.5836976672134307,0.023607382839791736,-0.1074213223798545,0.6320663922428941,0.16507598212839691,-0.20622566498968756
-0.22064725075149677,-1.1807722549782176,2.0971477983971885,2.351139335221661,2.1044615113026133,2.808743322073449,-1.2388614997580802,1.1588812517468194,-1.1265842843443012,0.6071310224221829,0.1640830075967769,0.07068986597000808
-0.19606467059953586,-1.2611101927917658,0.036342033174556795,0.6997394553695215,0.9949131149555631,1.893157710522101,-0.8859737400808304,0.9617552995487937,-0.9698961367069483,1.549706700025232,0.5134638413134356,0.343331062769969
0.17730351298615518,-1.2940693467665547,0.7597613434301665,2.638599200674235,1.1046299816243619,2.4333532213373976,-1.1456926256459918,2.2736914270975634,-0.9519769964642215,-0.8026164175478359,-0.19301395932701448,-0.9125315363399112
0.2732767029558372,-0.9644778070186649,-0.6277798495897312,0.11053526895435414,0.9866482292400958,0.8699907896134712,-0.4681465781234589,2.673636952697243,0.5412685871644732,-0.8026164175478359,0.19935772325952808,0.5251660061242465
-0.26663762673146957,-0.7090443637140502,0.682804489590337,2.656337122593234,1.0183869721944514,2.117476185352182,-0.9101372386036664,0.5725607033875729,-0.8531706298104198,-0.05827634412043632,0.3753155669875112,0.4890568006911435
0.023912222368283685,-1.4217860684188621,-0.3137836383986306,1.4153047787106432,1.5279639669381646,1.2270691781184955,-1.2404491655264076,0.9013637054828032,-1.0558674434980095,0.840581383947952,0.09695519093564195,-0.4344781527639499
-0.6465312373438195,-0.6369462143941993,-0.24243886901647724,0.6421119732212865,0.5712004012599114,0.8745687176712275,-0.6794610195322982,0.2419087314551758,0.1282420523111654,1.1062313129854275,0.1132053667579573,0.11703676934439965
-0.01904413478477694,0.3765477703305621,-1.0029853908214674,-0.16630979063417528,-1.033343152064041,-1.3457263903407892,0.9244299184762625,-1.195908574449589,1.465956375272423,-0.8026164175478359,0.17025314404495182,0.7413903605730287
-0.36915016808312756,0.7164390456955735,-0.5108496149250633,-0.07006446284148228,-0.7421319739475221,-0.18751059172833537,1.4545941144316261,-0.8457892381155259,1.6021016523617615,-0.8026164175478359,-0.7603708958879554,1.1374876550181425
0.2799310016579396,0.005757288114185957,-0.5683311045414909,-0.43686532233528996,-0.8364815411646964,-0.8558880881608191,0.1711793202932421,-0.6106701063284251,1.1741658865759481,-0.8026164175478359,0.17602162507298272,-0.47869011033510145
-0.09416651309356018,1.3117637643651996,-0.8483252019096627,-0.6082600122256531,-1.2520336731106982,-1.0779175989620204,2.331605195433531,0.26268836346795027,0.7615390689971562,-0.8026164175478359,0.9875500069839055,2.5548825338428416
-1.7006447830844895,1.11606878763989,-0.5973729714652999,-0.08063493518386344,0.39019267113752504,1.5521020702192236,0.5989197124138284,0.445693707597879,0.6774772731904535,0.5380066967327306,0.07507320310941469,1.3614540927924512
0.1735024360778994,0.09433501442143137,0.06997022334503178,-0.9501485795228231,-0.15854038322901026,0.6754288471588097,-0.2754968903812973,-0.32887139676169147,0.5188970381786573,0.6449426761926248,-1.2782488426546206,-1.166841521019518
-2.065579439808338,-0.7852624072807498,0.3558479048454237,-0.018850225739446974,0.18097539194015838,-0.5056765917424291,-1.2215907940831046,-0.7559629534828407,-0.7204793378557235,-0.8026164175478359,-1.2891152595382047,-1.510358790079261
-0.6087284822000048,0.9430332292722479,-0.7754220990318157,-0.4776161889398036,-1.0338491846683424,-0.6063910090130764,1.0778526446741408,0.0763119564408875,1.8792604231899588,-0.8026164175478359,-0.27248344922313117,0.6302643034434696
-2.6274063875923495,0.1705530579881309,0.04082469818761554,-1.084499024407101,0.41846427009861903,-0.5835013687242927,-0.7846729193504797,-0.35088338348756803,1.3053782971391374,-0.8026164175478359,-2.900350835402241,-1.4911815664733101
-0.8461549003160701,-0.08282043819305945,1.1535471199360616,-0.9034425622825987,0.5271951357138761,0.039096847130623544,0.02445576916659885,1.596559101864712,0.8010567415175678,0.0552751523591697,-0.95427161393587,-0.7407372913506155
-1.05452203676216,0.2776703084061951,1.083475362123503,-0.6481263548268503,-0.0919875974286776,0.7006074514764715,-0.34790993883915505,0.8224157600384259,0.49599275160003226,-0.4352278931481509,-2.0815076898070117,-0.9134460418173932
-1.2305538953594757,1.3591425482039587,-1.2714876988744332,0.053143260155368896,-0.8297890467525096,-1.3754829227162086,1.2096676270006368,-0.8352400050120233,1.7902586420792683,-0.8026164175478359,-0.4307548577308997,0.530564575097011
-0.950051475998278,-0.8841398692051168,-0.035638471438561435,-0.6657323510634786,1.233802171779719,0.03222995504398792,-0.9713591795725824,2.4546119033873763,-0.40245695646258517,2.9824361809627,-1.3394378413086252,-1.3527079493694603
-0.6517698597439507,1.0460305854434635,-1.912670432618501,-0.6373579521470658,-0.676759046387459,-0.6956606061393331,0.7531943568288578,-0.48413051861796447,1.3679760496098399,-0.8026164175478359,0.20630819318887672,1.2136220204928034
-1.9407948483433097,1.896788747417704,-2.2034153296336716,-0.81247799342661,-0.8588276511719541,0.0253630629573523,2.3322634958740567,-0.6944326616576116,3.203344091150916,-0.8026164175478359,0.9591696072945304,2.6864691641799925
-0.1908842232917903,-1.182832202101642,0.6124148692232165,-0.18165644954800403,1.5222064039961092,0.37557455937574347,-0.9657829876057741,2.0378022855000304,-1.8311701047922146,0.6645952714406033,-0.9139935858138415,-1.0857090045518043
-1.0533427265419424,-0.08282043819305945,0.7974456751704238,-0.054681455970451286,0.5522401069796291,0.47171104858863455,-0.4368966689761374,1.1344113597283905,-0.14427316570978954,1.6009940128754396,-0.35448686382584305,-0.14355065208838552
1.329730282927048,-0.5566082765806512,2.92321123751939,-0.6840040531174014,1.7692061969159294,1.114909940703455,-0.8727690077149858,2.5179280753937836,-2.3508391373498934,-0.8026164175478359,-0.4331127664710487,-0.3759025624734306
-0.4251541010942212,-1.1601727837439746,1.2083781090902534,3.086600533949523,3.2109853562599358,1.5818586025946442,-1.669583605638696,2.6816878569578035,-2.265851423997789,1.491696945629011,-0.6796602438502396,-1.2710809321146719
0.7044807717345937,-0.20641726559851817,0.3261630480618856,0.47181085507988263,-0.7833246302143321,-0.6865047500238194,0.8688228930294798,0.9779682647789393,0.39435735602591576,-0.8026164175478359,1.1702748279955624,1.7374527938555149
-0.14629973344299077,-1.4217860684188621,0.2360276972449471,2.5161278678782932,3.1869359450755694,0.05283063130389351,-1.5843530603682443,1.1385435871953806,-2.4983411836332547,-0.8026164175478359,0.17741100859303707,-1.39568500882852
-0.21291891315048742,-0.601927113295986,-0.7089481964360177,-0.4638510938562335,0.1710149661404529,-0.8558880881608191,-0.45730398263244276,-0.317707063157481,0.9001132954357132,0.5693227616101438,0.3421920596560049,0.485056502969219
-1.0807679827754224,-1.1272136297691855,-0.22559247699593205,0.24418066642629077,0.7638742238367713,0.3801524874334997,-0.894454198697018,-0.6523626868381506,-0.025857268049398197,-0.8026164175478359,0.22910846891009154,0.059461158979948435
-0.259315585051039,-1.3414481306053139,0.06728207709017672,0.09597308998583666,1.346508581273121,-0.599524116926442,-1.0439271222517403,2.7042249747385254,0.6093502208584469,-0.5182798426183612,-0.037173999256752674,-0.4784838144558057
2.517014788453025,-0.6802051039861099,-0.22700627244776075,-0.6040920685994516,-1.2910904783809922,-0.8764887644207247,0.6393083806178634,-1.0166738129967867,-0.26739215664517574,-0.5796149878227053,1.1896239357871428,0.5597976265700222
-0.4094860769147819,-0.5483684880869539,-0.86459825807865,1.095191745948035,-0.6563730218009718,-0.44616352699159173,-0.6005811373351558,-0.8579279642487337,-0.759125377992285,-0.8026164175478359,1.2066290063188183,0.4798553180568275
1.6035394819729987,-0.43507139629861674,0.10273193640517918,-1.0804874571610164,-0.20622549699708004,-0.5789234406665364,-0.04733770240605794,0.1323091755422266,-1.0664107069540023,-0.025542975252352197,-0.34170960918300286,-0.5635768515187709
1.3714268492307038,-0.08076049106963513,-1.7327784232603736,-0.47912813050488273,-1.3459552241765547,-0.5674786205221446,1.4093650018119588,-0.8142079321343402,0.40233455164347354,-0.8026164175478359,0.8216994260117078,2.0123030734175225
1.2289505191177919,-0.8161616141321144,1.5028586085873603,-0.7459366399207104,0.7362939118417011,-0.13715338309301173,-1.0084950691293126,1.3680937661609907,-0.5758491588772268,1.9640980983126244,-0.36642912736617533,-1.0396172556973664
0.3392879155804047,-0.9315186530438759,-1.3755258496797813,-0.09052047962430008,-0.028388165163111198,-1.1465865198283716,-0.8106564249735934,2.020379785718109,0.4123270427305594,-0.8026164175478359,0.7694478969028632,-0.5305251335583483
0.7814983452560479,-0.8223414555023874,-1.146566909990032,-1.5414475198403839,-1.2039429291380561,-0.9611804334892238,-0.6846112523905309,-1.195908574449589,1.5072957860647234,-0.8026164175478359,-0.037210291476900456,-0.8292326653607657
0.6687967881426189,-0.19405758285797228,-1.2066334690205762,-0.8754263059308538,-0.8805941719938726,-0.32942636151879384,0.14608645644260476,-0.6983166823883501,0.46412424516861717,-0.8026164175478359,1.053348590362492,0.8242926313351077
0.11574132511750519,-1.189012043471915,-0.7455893753313396,-0.6229184118587162,0.27765189183811373,0.908903178104403,-0.5060956623420153,0.6566867769915699,0.7311968813920285,0.3728147253411256,1.1335957354307908,0.40955475917759
-0.8067317679451301,-0.6472459500113209,-0.6376417172029969,0.517043181808692,0.16183193765954362,1.0599748040103751,-0.17783608385150207,-0.5614482360819741,1.342172739283317,0.31891104449395474,0.6666248765098597,1.472584718423322
0.8011362688126573,-0.317654410263431,-0.8157405262131003,0.006486422793683265,-1.196500566346446,0.2954608183650005,0.29799896398280573,-0.9216216424613076,1.1873816117606881,-0.8026164175478359,1.1191335661871633,1.2234669478571585
-0.2749925344807626,-1.3476279719755868,0.054065213267504755,-0.3264244366812259,0.8707998551052394,-0.9199790809694139,-0.6096811728365444,0.4210289763784312,0.6413101096719896,-0.8026164175478359,0.5915780774578094,-0.12499584159118128
-0.5269816610297561,-0.8388210324897819,-0.4937147865494352,-0.4763492665398869,0.4536812220813002,0.8265004730647819,-0.47019892655568696,0.36489486221939543,0.6744521276896208,0.9057422604260567,0.31806032537376616,0.529526565309571
0.06597907510995676,-1.077774898807002,0.8998199493996639,1.495913055629651,1.6908162314846362,1.694017840009682,-1.1376381261383797,2.037762088371583,-1.5131335798180476,0.5241276099309685,-0.2406368589423597,-0.6858248249552243
-0.49981471935653077,-1.1395733125097314,0.7633997587236092,2.455643817445625,1.9249240355634785,1.41934215654428,-1.4640776975286154,2.4596104492475517,-0.6723248761880988,0.3778936390219213,0.21083135901244698,-0.6588940172840043
-0.5877342352471913,-1.0159764851042727,-0.6628882410635407,-0.5349263059409202,0.3111446043471524,0.570136501830405,-0.06898416983276515,-0.7749716643933504,0.3208027398026339,0.5600170580486933,1.1284328782693769,1.588637951134155
0.2844601957420476,-0.9830173311294838,0.2671943833508798,0.5156361351462065,0.6030073585579441,-0.05703964208226878,-0.9212121754266328,0.2369499574961546,-1.0581033578194257,0.22211953378923652,-0.22864742792651943,-0.9148256446135709
0.1345779254260168,-0.7461234119356879,0.10367231820489901,0.47993424590176453,0.2596044860341294,0.5518247895993775,-0.4788730029484998,1.0636331269130619,0.678736812080453,0.08460423305178665,0.560035863839545,0.18884139597262103
1.5539025335398036,-0.3918125067067062,-0.3514234031673431,-1.061165115529808,-1.5338114546293222,-1.0916513831352903,0.7950932436905702,-1.0062336948371604,0.3083659271040477,-0.8026164175478359,1.4066939805548204,1.1833897975961232
2.5315484477950365,-0.25997589080755024,0.2743055316256672,-0.7875587780991538,-1.183324539586187,-1.3457263903407892,1.2264349264563867,-1.0285950773253998,1.7289753724626726,-0.8026164175478359,0.9291036447986928,0.6500947659580344
0.7059555037635716,-0.5648480650743484,-0.2190436659107997,-0.24274025906312785,-0.30563607423797834,-0.6178358291574683,-0.15231726089228909,-0.538955858771687,-0.04533710180235815,-0.8026164175478359,1.0697533284141385,0.3315297988895677
0.44952589925492054,-1.574222155552261,-1.0320362489083499,1.6401839529854316,0.0807013823280481,-0.09824099460207868,-0.9802655972973456,-0.4445159303806315,-0.5849429674933599,-0.7316440584598126,0.4370656386314031,-1.1213615809832989
-0.8496164957186111,-1.256990298544917,-0.02109637224114349,1.5662191296140326,1.2033652913093673,1.863401178146683,-1.121064444459255,1.4014704254476418,0.2743865328889894,-0.0424392328041668,0.39819770432591123,0.6101823173274309
-0.9667620755575527,-1.3332083421116168,-1.5922447419965662,0.49098064090031,0.10592977713879081,-0.6338585773596176,-1.0807919469211953,0.4488752057287217,-0.2641109037950773,0.40850276991827766,0.6769113331738587,-0.2781333855545243
0.5378212062440485,-0.9727175955123621,-0.4250279300861204,-0.3749987525402689,-0.8799728222427641,0.4465324442709727,-0.5116331307534986,-0.34667884921541203,0.347939669309169,1.4134294405048837,0.7587910827512258,-0.28839859774878884
-0.8977365330345055,-0.6657854741221397,-0.28798192394824357,-0.3891592836179964,-0.6786204024686471,-0.5400110521756046,-0.4837521709194571,-0.9032340805145466,0.5153988648521945,0.3610193817960069,1.3930993984219737,1.2589866942215115
0.13806598171402484,-1.0963144229178208,-0.6698123783927904,-0.6873655385378263,-0.09698930590591265,-0.19208851978609162,-0.3994897145321318,-0.8855330224650696,0.801251407928433,0.6341071531967687,0.8075514266422156,0.5868206260624516
0.07190275088168253,-0.8759000807114194,-0.6809600575738429,-0.4304796497006332,0.027743176746724885,0.30690563850939234,-0.41373998289175296,0.3575209098666432,0.6760180179880365,1.3030840235696457,0.3955831702852114,0.2401478222717772
0.6456140891184649,0.897714392556913,-0.37516679945468334,-0.2985640996018824,-1.257790409614714,-1.691359958701423,1.1153757697841216,-0.6817806751195619,1.2336645824656687,0.5713857687256957,0.9554340426269787,-0.08212060993176584
0.9624955297581228,0.4301063955395942,0.43895056092830637,-0.5171873205139899,-0.8282179454572972,0.5266461852817157,0.5069125449614915,-0.5150621199595153,-0.3201711189001848,0.476436859599016,0.706907904582327,0.13083968827447312
0.054720058362790334,0.06961564894033963,0.568457016034282,0.1575735844578516,-0.019177808474652995,0.5815813219747968,-0.14592787426365458,0.17754481676800007,-0.1869041060796497,0.4805844414878855,-0.13026809165083167,-0.6126561110375864
0.6924382105253903,0.5104443333531423,0.7076216691428623,-0.5923196122252994,-0.45015660490586634,-1.7554509515100178,-0.1299350459144058,-0.5748466336432495,0.37637316128572573,3.011800183024582,-0.856511165940586,-1.1519392026652828
-1.1350668361373037,-0.4845101272608002,1.0082482186660409,2.1726031891463102,0.7099302195278967,0.4442434802420946,-0.9904498923478358,0.8538107580819285,-0.2615871547118424,0.013595649639435865,-1.095257673795151,-0.9555585809193274
-0.5584433925842326,-0.0004225532560869783,-0.8442122622612509,0.2315565362820345,-0.48175121976328983,0.6639840270144179,0.12703446722267644,-0.6577140407735136,0.9436235924732376,1.2026955818840543,0.042755870908781836,0.2525655383658722
0.5179102959282408,0.2611907314188006,1.0721312902951288,-0.4199442016340808,-0.8669157150746825,-1.2381450809835064,0.35705238585351856,0.0538520194899602,0.41457120347384047,-0.09324130352436226,-0.3305892446716991,-0.3499094586451094
-0.7342506080115108,0.32916898649180293,0.56077239898109,-0.11711388727630072,-0.8515064048028788,0.059697523390527855,-0.22968692443175417,-1.1409696239763554,0.8032837758355137,0.3754813931620306,-0.03051139915347619,-0.46104270543346354
-0.4010224009432556,-0.15491858751291035,0.9429655220025265,0.40387752347597516,0.6656649749302184,-0.6590371816772794,-0.728368869907846,1.7818057474929432,-0.024697551939790646,1.3371231996768125,-1.7315599170178597,-1.7683361058487232
-0.7262577368229253,0.10463475003855292,-0.2019582097355518,-0.28232832466507257,-0.3546947220579118,-1.0664727788176287,0.2515694211480617,-0.4976981164294972,0.8147452793083504,-0.0904749386916153,0.4647180539578285,0.08616001188571512
-0.23880328285112792,0.24265120730798181,-0.750388550911286,-0.867647476719221,-0.812519705399261,-0.28822500899898396,0.4825941522173553,-1.195908574449589,0.5873458790703326,-0.8026164175478359,0.8350124939728134,0.2541559902571533
-2.19492731122217,0.2982697796404382,-1.2009063694577566,-0.3751608829016246,-0.8342146779758243,-0.6063910090130764,0.21660205068953467,-0.10401979358807528,0.20680583670887845,-0.8026164175478359,-0.19417281452737722,0.35099671541499033
-1.8951889343327468,-0.7626029889230823,0.9936316977325381,0.56311016861384,3.1116117663975906,1.2957380989848466,-1.6879385708627732,1.0353700939807322,-1.3910444037202103,4.433079297955314,-3.5792524289949075,-1.9537358037863115
0.5006456853050427,0.24677110155483042,0.4285739674016459,-0.9494669842368851,-0.7306409180321406,0.19474640109435196,0.16521589277318324,0.5256191668240608,-0.3472252000535924,0.21649097161271844,0.3474821583169259,0.0407062017249616
-1.9504043498893775,-0.42889155492834385,-0.7655373041221627,-0.47325017850391465,-0.011331644197016502,-0.4576083471359836,-0.6587439174333924,0.453563579948112,-0.274286604931697,-0.8026164175478359,-0.9017340981665964,-0.7697541796614051
-2.4450124061401755,-0.04574138997142184,-0.20029474158167926,-0.4182057568242112,0.5229085577781886,-1.1580313399727633,-0.7826205709182517,2.841900654674579,0.2966536821042253,3.008275564469224,-2.250299137982451,-1.6151219374413353
-2.4489234390544676,1.0872295279119497,-1.0546239495007512,-0.023697395752656662,0.31481224936797003,1.4857221133817506,0.7135414361759989,-1.0323793122241924,1.1295229106848275,-0.5652552695291285,0.46519757173938514,1.5807948592389873
-2.75214782243519,-0.3691530883490388,-0.1711538964726321,0.3440887712299316,1.2099825672945086,0.732652947880769,-0.9229547354162604,0.823807212126347,-0.2557381977014747,2.6665299749146234,-1.3117615321584772,-1.0808470461102344
-2.5348671519257153,-0.1404989576489402,1.3959129921262352,-0.8845935605992602,1.36284113799573,0.49917861693517446,-1.0067912326950101,1.2413909984731948,-0.0215372187218277,-0.8026164175478359,-2.3416587343778534,-1.5320278879371287
-2.022530511011298,-0.008662341749784225,1.334822021130898,-0.49689650214899306,0.6589360987497284,0.5014675809640539,-0.8372595074819079,1.1669183644688317,0.09145681030890541,0.40673316757483446,-2.200803943692713,-1.865347595782474
2.2509882222735613,0.4136268185521997,-1.1738136693063352,0.23824329272729766,-1.3908507913967005,-1.5494441889109645,0.6218827807215875,-1.195908574449589,0.010743227099002824,-0.8026164175478359,0.9247150620177588,0.32121754669038155
-1.5993577403199968,-0.5442485938401053,-0.10964404755353292,-0.5472166007483515,1.3142832629558348,-0.22413401619038906,-1.042881586257964,0.18054915367698765,0.10628867993512836,-0.8026164175478359,-2.743454053938863,-1.5418769961629617
-3.2195217273495738,-0.12607932778497,0.6106979065334465,-0.5506113979831391,1.543994433062174,0.28630496224948676,-0.6929368167854183,0.5034030659828217,0.27257056905674,-0.8026164175478359,-1.7841461166944066,-0.4791492165474287
0.5536788713618572,-0.8800199749582681,-0.04485872952457356,-0.14693097813665124,0.10204085466297558,0.25654842987406745,-0.41939362196921137,0.5418100451377182,-0.5273620540991502,-0.06464003428713372,0.36411378319361976,0.1921323719918116
0.21143211410530083,-1.0983743700412452,0.4524283746977904,-0.1566791555095637,1.122369237849435,0.19245743706547386,-0.9082010608374135,-0.783754614435417,-0.13211156300259028,-0.5022570783017005,0.5661542824337518,0.062367560191019855
2.181806122180553,-0.36091329985534154,-0.9997969592136942,-0.6305462762080289,-1.1473007455864006,-1.9271232536758955,0.6214955451683369,0.10500477072803273,0.006397107667500306,-0.8026164175478359,1.0172532423377338,-0.35026154656606
0.742560917100428,0.07991538455746118,0.07217284837904236,0.6938626565618645,-0.5938361550844096,0.3870193795201353,-0.007878399529824246,-0.7190125805906722,-0.9018769417322792,-0.8026164175478359,0.15119814929019304,1.0709451697273271
-1.514409296884162,-0.6946247338500801,0.2518918892394433,-0.04337400698661022,1.0462914798506844,0.6822957392454441,-0.6619192489700472,0.043782998759305816,-0.1344118370517625,-0.8026164175478359,0.758812132565263,0.8206693768805687
-0.7950568849073847,-1.0551154804493346,0.5958409582623665,1.0235635574702544,1.4100093553763482,1.0233513795483216,-1.166099939302297,1.0053957626030676,-0.7458671078632639,1.0426966326819262,0.09574729341452769,-0.27714280552054993
1.4302250742194937,-1.1148539470286396,-0.05067616458337875,-0.37500192317410186,0.2469189624261414,-1.231278188896872,-0.6232344172003146,-0.07032083204979434,-0.3552341579206996,-0.8026164175478359,0.7028654746105943,-0.47817757202874
-0.7803897122971999,0.16643316374128228,-0.4220434333865238,0.031807495107770936,0.4363931908492162,0.6777178111876878,-0.007684781753198958,-0.1992293802803281,0.25222053107043424,-0.8026164175478359,-0.26308690582596184,0.009843572228082123
0.02965575354845219,0.6546406319928442,0.43608246202160267,-1.192286603521653,-0.8930390287979904,2.09229758103452,0.9075851719098625,-0.8543047813022447,-0.2663183150852756,-0.8026164175478359,-0.0560995803687508,1.0635829060007258
-1.9745515614664346,0.32298914512153,0.23848811907820577,0.42050673997184346,0.6156947292219905,2.3944408328464646,-0.042458534435100684,0.20854787988144427,-0.41344802368456984,0.039913476648255564,-0.6354461475345794,0.4338318024895712
-1.4484422204607197,-1.1622327308673988,0.5194139772581029,0.8654901695844963,2.362005701825691,0.9111921421332811,-1.3724577656295291,2.0184173615239396,-0.9458352018560543,0.5493212616898066,-0.3119898644431182,-0.36337627095119057
-0.8758256864195608,-0.9109191818096328,1.2362724122227533,-0.5781191422879381,0.947611123747981,1.341517379562414,-0.9253168722910889,-0.37352640998914355,-0.07771317776823136,-0.8026164175478359,-0.3122149145350638,-0.35167799130327015
-1.1960242566389312,-1.1807722549782176,0.22785328069908958,0.7568059019848654,1.8788485506268575,0.6227826744946067,-1.1831770272006474,1.3484589465128236,-1.6145896937333413,3.795811005284027,-0.3743352550390881,-0.08859993106621404
-1.038855311135847,0.2776703084061951,0.48513342885883537,-0.4804657394719269,-0.39827458191784815,0.32292838671154045,-0.017675459027063817,-0.6215770949980811,-0.7951622068106448,0.6858176488214149,-0.9509764445293782,-0.04569080235830388
-0.08537146773941365,-0.08900027956333238,-0.5397887034035334,4.907980049757567,0.21825627091959385,1.112620976674577,-0.12888950992062925,1.7870185617441592,-0.4827088369760547,0.10102394270596848,0.7409828229337435,1.5246622854887935
-0.4671857121869748,0.1355339568899176,-0.2012118790175161,0.15529514903341618,-0.3307362905619354,1.1263547608478481,0.15843927059129814,-0.4577238256961253,1.6783214030785423,0.5751154531930209,0.26776058098779226,0.9291646195042919
0.4663114298874525,-0.11989948641469707,-1.5648264599594048,-0.204717722404685,-0.9957270156056549,-0.5835013687242927,0.17965977890942972,-0.17088953093913054,1.2435795131655012,-0.8026164175478359,0.6324882556693544,0.21988286716094121
-0.24669968611453155,0.03253660071870201,-0.3490043655405925,0.26316563626602535,-0.4178728897750378,-0.004393469418065751,0.022906826953596547,-0.4775108439367355,0.73581462683556,-0.5378329697365967,0.7348192059404164,1.6168340173639992
-0.36125016383557174,-0.5813276420617429,0.04211803022859123,0.6145188345393219,0.6565607231758954,0.023074098928474184,-1.0750608607330867,1.0906464947409582,-0.10629120536040408,0.2685271009743526,0.6037193428757005,-0.5865932795399299
-0.20757457696162612,-0.601927113295986,0.6039835340479398,0.8429355375993699,0.47364801090938474,0.10547680396809526,-0.5932236618233949,3.1093663211438267,0.556288098558223,1.3742013777742044,-0.06414109033631005,-0.8237027179156716
-0.523976074088631,-0.700804575220353,-0.1693724205491787,-0.16276245446033913,0.17735017306848125,0.7189191637074978,-0.7283301463525209,0.2961239626409503,-0.2742068029298944,0.10655714778183269,0.3756120639542847,0.3512072332185051
-1.862854401992673,-1.3476279719755868,0.3017119784162987,0.9598934948980056,1.606709203679279,1.6688392356920203,-1.1736510325906833,1.4804018023563708,-0.5317286358120742,-0.8026164175478359,0.43175520769104503,-0.04521856941509594
-0.11146568746894303,-0.9376984944141489,-0.9338861749386673,-0.4432231327370162,0.1925367946399989,-0.10739685071759242,-0.7683315790033054,1.6265341465049117,-0.19791161888006412,-0.13610784315349878,-0.0852438712347382,-0.24684432823426952
-1.4700670980558874,-0.5277690168527108,0.11937317909422206,-0.11549555678211318,-0.22458248801492875,-0.2630464046813221,-0.8444620887723686,-0.6538012109299975,2.049628990603505,-0.0706528497560228,0.33163946642523445,-0.6892179880799592
-0.5448496639167488,0.013997076607883204,-0.21415058600322884,-0.19552556070963956,-0.1213080285041065,0.895169393931133,0.10593012957052005,-0.02241943183475377,1.281520376598054,-0.18006157092909347,0.7252389934237338,1.3833691423240937
-0.6859657915343018,-0.23319657820303422,1.2572229560212846,0.17135907022228114,0.23564866419838548,1.7100405882118315,-0.7419221142716161,0.2231804533897773,0.427192768752862,0.060428669471665614,1.0992858794624984,0.8306856173367205
0.1598687189720695,-0.7893823015275984,0.9135488204012975,-0.23581811942859823,0.3648329497769045,1.9664045594462083,-0.9513003779142025,0.11399391356435494,-0.631939387276008,-0.2642626296179942,0.49436325103676076,0.5330404459977438
0.7780657129384,-1.4959441648621374,-2.4886634650964177,-0.7239992432649376,-0.8255324570930599,0.02765202698623169,-0.32711538962959913,0.3649417566715147,0.33738751384827304,-0.8026164175478359,0.8124289035577305,0.46696846740877485
-1.2508814916963236,-1.3970667029377704,-1.2306337372525114,-1.224155297589591,-0.2251275043629881,0.327506314769298,-0.6523158072494328,-0.7283482005983102,1.7756435831453308,-0.8026164175478359,0.9584581655887,0.38310413263616805
-0.17320121026709323,-1.4135462799251648,0.7491472244215882,0.15709813626732444,1.2679540644045026,0.020785134899596068,-1.3089898584517596,1.9102273816681898,-0.3619100119195577,2.1758307122674525,-0.0052498398049477335,-0.8850125642064688
-0.5555349263613124,-1.6689797232297796,-0.2037468891640907,0.9715086799034633,2.850872069056888,0.19016847303659573,-1.3942204037222115,2.2747992331554006,-1.0420395293969964,-0.8026164175478359,0.29420449496062495,-1.4283679200503643
-1.345044323265097,-1.110734052781791,0.7526090296160174,0.3614326167700112,1.8263490781407359,2.039651408370316,-0.9841379528298514,1.4136595654777175,0.36421242140916354,1.0175489007041787,0.42260791789776353,0.42297826939065636
-0.8363916302616724,-1.427965909789135,0.1872656775791134,1.8663196356182365,2.2302166509888326,1.1698450773965374,-1.5079514857119056,1.3190730933164265,-0.8608374506554943,1.2406236541512323,-0.4852662158526527,-0.8985224023646335
-0.8571935546798363,-0.5586682237040754,-0.006932179492099734,0.3266085354024111,0.4874347431105222,-0.1051078866887143,-0.5901645009527154,0.4088756528909713,0.792623196272583,0.119323643532198,0.28836024669565924,0.157609332438296
-0.3224490654644944,-1.2611101927917658,0.2472610596177618,2.2686520720260974,1.800490372573415,0.4465324442709727,-1.4125753689462888,1.0122342547152101,-1.158895083363961,0.7752753552647115,0.20984790180253082,-1.037782257589118
0.32284417682725114,-1.3393881834818897,0.7041099890619413,0.6474965447451398,0.6280366840886112,-0.10281892265983618,-1.145266666537416,0.8326773923666404,-1.287241696365264,-0.8026164175478359,-0.1747599911394864,-1.498411180995372
1.405602288858852,-1.1622327308673988,-0.6376185937550314,-0.6271676761859377,-1.0400507388057092,-1.176343052203791,-0.32773496651480005,-0.29048925412264265,0.6709642764355062,-0.8026164175478359,0.5068129061794507,-0.820450297238436
-0.2447257786120297,-1.5371431073306236,-0.7675253942886227,0.47330599415770813,1.4185091531089715,-0.11197477877534992,-1.2299550820333172,2.1975357678231657,-0.6065704934308025,1.8644463466804062,0.17591624204557668,-0.9906341893443803
1.384336313797229,-0.5916273776788644,-1.2406159523108686,-0.49027790914408365,-1.2312901193926498,-1.029849354355575,0.33892976196139163,-0.4430613460250605,0.21620495626653613,0.5791040159072534,0.9268432401913377,0.14299540391275914
1.2755082234776447,-0.7790825659104769,-0.08262939430180165,0.04873968046013635,-1.0936656176048776,0.2885939262783649,0.8912051080073631,-0.5893590593844624,-0.35366086737930935,-0.8026164175478359,1.3017456813632406,1.7127611624926422
-0.6820019302728706,-1.3496879190990112,-0.7051589557361121,1.767553464346078,0.8949653939315141,-0.40267321044290244,-1.0385058245062322,1.5626305805301648,-0.7672231143148568,-0.6853439409183283,0.19246416293867283,-1.1894470664628873
0.12224530159602455,-1.1622327308673988,-0.11411468840701179,-0.7599827720997161,0.04450495974875936,-0.290513973027862,-0.33714479045878903,-0.7237877329872703,-0.8211227339918505,0.5066437043084425,0.94877025977459,0.731795156654041
0.08300263271016171,-0.9809573840060594,-0.7643581667144203,0.0001600585002833515,0.19865631158523533,0.6456723147833904,-0.4756976714118451,0.7552572200631213,0.38917544528663484,-0.004076989373268091,0.1648490380117759,0.020415464389568226
-0.42119689786396997,-1.14369320675658,-0.5934819290486496,0.2622961167659443,0.44565102746372626,1.085153408328037,-0.8284692604231199,0.8304840257308959,-0.18829097125637734,0.3931145948238495,0.0258141347347154,-0.1101645462529327
-0.4838096223270236,0.5763626413027203,0.34623440457811827,-0.7032589649807078,-0.631202968752909,-0.7620405629768061,0.6686608355542571,-1.0694392170223945,1.2260775257658485,-0.8026164175478359,0.19862470195306933,0.968155546844794
-0.6557479755420798,-0.3341339872508255,1.082634772839574,-0.2281324595539898,0.9146315827252632,0.30003874642275674,-0.44700351691597745,-0.7483654657304812,-0.6286775015752462,2.183506720893589,0.939359869813496,0.5021707394477786
-0.12340408797877588,-0.03338170723087597,0.08935536943116167,-0.8325046359328975,-0.17943460676807177,-1.3388594982541548,-0.20804045700504697,0.16379168195754898,-0.37311513911623795,-0.8026164175478359,-0.23097513084985444,-0.9146428705919851
-0.4183793862081294,0.640221002128874,-0.5225920031045221,-0.46851767955643575,-0.6053349091686393,-1.327414678109763,0.8031090196428571,-0.2539621897721139,0.7972559794516955,1.5590689702715317,0.5859783689209928,0.4554966031964253
0.1363826071236265,-0.5380687524698323,-0.06929828676462924,-0.3488557680116806,0.09567849661843528,0.12149955217024462,-0.38725307104941353,0.3913992926500479,-0.9198210783818359,-0.8026164175478359,0.36224429328611546,-0.3030382502913579
-0.4464431818539374,-0.012782235996632849,0.28630893831814497,-0.17576221241755285,-0.17065202203974433,0.6548281708989041,0.35445790764673973,-0.7811731814487989,1.0173671653696474,0.18749964877243405,0.8806682285034618,1.298625781902068
-0.15783773908174564,-0.30323478039946083,0.06377694828640575,-0.11600170170196562,-0.25302699291816244,-0.9726252536336156,-0.10402898740194227,-0.4698868816154142,-0.5505970667998056,0.48135751610860683,-0.13246256172533236,-0.41287841035128103
-0.9909436076555681,-0.542188646716681,1.1401509051051313,0.24944408690837225,1.0863239562390496,-0.759751598947928,-1.3499593799856706,1.7822818286581912,-0.2763236483077876,3.1470045166723417,-1.0296469353861677,-1.3732866906258059
-0.4912986612993221,-0.27645546779494473,-0.7397851108825078,-0.5772298039980703,0.1337320182252493,0.1581229766322983,-0.27611646726649824,0.3232753691967506,-0.045932277611103876,-0.8026164175478359,0.528330159561922,0.09470003820674915
-0.22166458229337108,-1.7431378196730547,-0.4381658374133643,0.45898134955562164,1.36020925060328,0.2039022572098657,-1.339504020047905,0.4999640439899956,-1.2660819154892957,0.546880336783495,-0.10457284688736564,-0.7518652353643679
-0.34875905533675317,-0.317654410263431,0.8307711782619632,0.07621764612687876,0.8881127266300961,1.3369394515046578,-0.8443071945510684,-0.1365983316429691,-0.1829030748113941,0.3811976513429774,0.1118423057250044,-0.00936059521031013
-0.6512437172734941,-0.7214040464545961,-0.287879897169572,1.5496583986468513,0.9568535497626267,2.000739019879385,-0.5951985631449729,1.0833922456446545,-0.23457359667424676,-0.15023999699220722,0.9522276075747836,1.207011712807106
-1.123665483222443,-1.1024942642880937,1.200685673610151,-0.37798968402873157,3.0367696594125113,0.19474640109435196,-1.6358166653952457,1.0460841472481341,-0.5323636301657061,5.482667427418617,-2.5893927616696457,-1.6188431249576087
-0.8217063585391778,-1.137513365386307,0.5308320742430809,1.8792105012685458,2.232356925000625,0.936370746450943,-1.2996574816184208,0.8193526601815102,-2.6800242172553794,0.8519847463153448,-0.46235471078435897,-0.7690162590735976
1.0940688625518664,-0.4041721894472521,-1.5362337370499384,-0.37707923251173725,-0.19504237045627112,0.23823671764304125,0.18837257885756767,-0.2361645841784788,-0.04815235987348322,-0.8026164175478359,-0.06670065286943483,0.2269716363306423
-0.5268031834113257,-0.8759000807114194,-1.2961435120993312,-0.8811632227637237,-0.24231474588923127,-0.9268459730560482,-0.6964993838753235,-0.6549624676290984,0.49657350278716006,-0.8026164175478359,-0.6521606638536762,-0.9692016822104702
-1.267944761859614,-0.4639106560265571,0.43707194147934236,0.28994556589812703,1.8632792930422901,1.4284980126597926,-0.7948959379562949,1.503043757940655,0.05486083715346493,4.503674858178914,-0.630581284881948,-0.18210954353537667
1.3701712277738356,-0.31971435738685533,-0.43571235615275594,-0.8880755904910564,-0.8783810180697093,-0.17606577158394354,0.35236683565918664,-1.0546476015046273,0.48381755663647213,-0.8026164175478359,0.7123367069665406,-0.16125101596447852
-1.1503748705394932,-0.8347011382429332,0.33895091232436025,1.0497368431344147,1.5251490860923111,2.0671189767168583,-1.049077355109973,-0.3095914948715936,-0.6697009308289363,1.2300515783385801,0.684580060358881,0.8079269791395229
-1.0585308768435124,-0.5154093341121649,-1.4571951942697776,0.3130360668518507,0.04968466747656859,2.3349277680956257,-0.02909890784795581,1.8866724797696564,0.441040070811703,-0.8026164175478359,0.565213417527817,1.5773429637536212
-0.5010558428726005,-0.27851541491836906,-0.7066431547529524,0.6937009080339562,-0.6943842217540388,-0.640725469446252,-0.8085266294307152,0.33040519513303834,0.9462024528720238,-0.63413434669933,0.25854987877032143,-0.6325289129627953
-0.2083967950819513,-0.4803902330139516,-0.2502019741553099,0.21039929370359917,-0.2995519100442641,-1.2999471097632231,-0.42655747970434704,-0.6981413771845052,1.5634920822971108,-0.8026164175478359,0.3036717920647276,-0.1701231678324177
0.8148087856494673,-0.9150390760564814,-0.5040718037897216,0.41620733399225857,-0.5406720868376806,-0.7689074550634405,-0.2655449366627575,-0.24709731479205474,0.17077559837910697,-0.8026164175478359,0.7866221144371222,0.045595367882091654
0.22380533303429814,-1.131333524016034,-1.7915852747334202,-0.6355220837285622,-1.0975099435409752,-0.008971397475823253,-0.19812722684183223,-0.9604327643024337,1.3052787687339302,0.17238579558102185,0.8796338032785569,0.22852469596519573
-0.5828685396285721,-0.5318889110995594,0.43240050115403755,0.10896671725829492,1.4093233288165623,1.190445753656443,-0.6298174216055744,1.58481991687627,-0.050813140945022664,0.7717799004778125,0.24388457613903602,-0.20124418751562032
-0.41695148308456464,-0.6142867960365319,-1.4383564013939751,-0.5762103966996994,-0.368848741142942,-1.6181131097773156,-0.34306949442352286,0.2839024650776228,1.18769041915549,-0.22342409844403893,0.9960571171349015,-0.6194211178737817
-0.6009207196642261,-0.6966846809735043,0.1474126547014781,-0.8182451961983469,1.2479502586851552,0.3870193795201353,-0.9399930997592858,0.4186475506876214,-0.7751835077593124,-0.8026164175478359,0.4306139572150907,-0.34076992761849734
-0.37167502439779343,-1.1272136297691855,-0.7537964239021879,-0.25106564938775466,0.2741527300789982,0.2451036097296756,-0.8410156923484385,-0.6377849485200742,-0.09238257359921614,-0.8026164175478359,0.8092269114216981,0.5400537663314727
-0.8369855418624919,-0.7523032533059608,-0.07456286002778738,0.419913001453912,1.0396704708510396,0.9386597104798223,-0.969113213363729,-0.7834639649290951,0.5849652613599272,0.1616409605848531,0.29138381959343373,0.05818938693807755
-0.9691051049041041,-0.8058618785149929,0.376474792440103,1.3757473862044538,1.5636882079980703,1.7260633364139808,-1.1479773154101702,2.06910987849861,-0.598367992741423,1.0380765063855417,-0.19460826133706913,-0.572047922180852
-0.6728449089910474,0.053136071952945126,-0.34403356103448984,0.6452872017072208,-0.7563622205802375,-0.9543135414025895,0.08257982570951031,-1.195908574449589,1.9104219788065435,-0.8026164175478359,1.121841638489731,0.3520726340498643
-0.35791725741502683,0.030476653595277698,-0.5319356314145042,0.612791133479806,-0.30475380053498113,0.7234970917652552,-0.08652594039501624,-0.03555696725628224,1.77103382899341,-0.31362087859471927,0.5778949122703667,1.0266923349259893
0.1752396742304907,-0.91915897030333,0.1436853755494216,1.1819554674609731,0.4063729532788171,-0.18293266367057914,-0.8410544159037636,0.8880956081677857,-0.8150492780645747,-0.35314495943366453,0.23308144734894118,-0.7331980805453316
0.1969117794785003,-1.0942544757943966,-0.6056825467898093,0.475941602648427,0.5811569208796039,0.5220682572239581,-0.5861759747542344,-0.035707238096694065,0.5833574045655888,-0.22479050783018756,-0.1524631867896236,-0.4548070179601476
-0.25595038806102927,-0.12401938066154569,0.3898223095637471,0.0886911123399622,-0.2817239211448009,-0.480497987424766,-0.30732765285849467,0.22139655711229397,0.9629708972617165,1.50258763300795,-0.4014719104959791,-0.20857134689869544
-1.2496852198395052,0.23853131306113318,-0.6934874427793419,-0.22696730705139173,-0.359487633940544,1.0737085881836452,0.31387562166607935,-0.4258200040842096,1.968794129082577,-0.20580511258450773,0.615568372085309,1.7435741138116991
-0.4781737506450144,-0.6184066902833805,0.024235319347865523,0.8320048086650909,0.49483640893012515,-0.2813581169123483,-0.7480791595683003,0.5531614164425843,-0.2512584597390303,-0.8026164175478359,-1.0263301649555818,-1.5236548760756052
0.5324692940393759,-0.8738401335879952,0.7040059556493559,1.6271291676746327,1.75482164419994,0.84252322126693,-1.0943064677296404,1.6186267836639265,-1.3335623462569035,-0.8026164175478359,-0.0036353717772593637,-0.8312276958876489
0.6882088432903561,-1.3847070201972245,-1.3235393968914388,-0.5467341181973894,0.9957993113202402,0.38244145146237785,-0.8841924565358777,0.8534433207152076,-1.0466428356927742,0.02888590101690216,-1.7412367818681111,-0.5999228254077265
-0.18767083646665772,-0.9006194461925112,0.04689028584349103,0.127570763361193,1.139798370399885,-0.423273886702808,-0.7819622704777257,1.521260213039682,0.17590115617107063,-0.8026164175478359,-0.19758616757644323,-0.32812823127679863
0.37552207270336274,0.35800824621974325,-0.7307093270614041,-0.511367134910964,-1.307349085910336,-1.0275603903266968,0.7708522980570841,0.5132124582884082,1.0790652906246478,-0.8026164175478359,-0.08883683000614721,0.9414259837397504
0.5935919015250014,0.5495833286982043,-1.9328064271612977,-1.2041832165330837,-1.4365952269557603,-0.6681930377927932,1.6605259816502824,-1.195908574449589,1.6793136479838102,-0.8026164175478359,0.7176217155845024,1.3242234118646035
-1.8102907235762415,-0.8882597634519653,1.9336549032886896,0.10285642700545325,2.1869215908263,1.826777753684628,-1.2314653006909944,-0.2092363102814898,-2.1074498933670003,0.492356078069164,1.0331892545635393,1.6697356480807657
-0.03068046236406592,-0.45155097328601124,-0.7745694566820309,0.010894719677758081,-0.1871451931744991,-0.26991329676795645,-0.07409567913567275,0.19599607012240364,0.10026659725532126,-0.8026164175478359,-0.13093583625923205,-0.2426900868369412
0.08928688752556269,-0.793502195774447,-0.7669781300538201,1.0911800520866015,0.17726461153138365,0.10547680396809526,-0.5946951569257471,0.393776878616078,-0.7572859246891713,-0.00731527360822698,-0.2215972803544794,-0.6758985819173512
-1.166138811013877,-0.11371964504442413,-0.6331639215854932,0.6058937239286409,-0.015770392038524154,1.4559655810063326,-0.3098446839546234,0.4657737145993754,0.8056963757444193,0.1699829700319699,-0.899564302866448,0.24399194937105884
-0.31794059044210776,-0.1775780058705778,1.1270509370317718,-0.10325556999726124,0.05759320800186567,-0.5949461888686846,-0.05485007213911912,-1.1225743073611363,0.620471752603331,0.2553485954556648,0.40544744890011836,0.33234253088654697
-0.4792108872511404,-1.170472519361096,-1.3293870075378211,0.3978806037795742,0.9746073043806516,-0.3111146492877676,-0.870251976618857,0.7355776966693992,-0.46339248140533446,-0.8026164175478359,-0.8493930798676506,-0.6608882039186847
0.4715745854881916,-1.2116714618295823,0.030258903324703865,0.06403617224721252,0.6630495302118505,0.28172703419173056,-0.8671153686375274,0.13590594754838592,-0.6696879905086437,0.6435839039363315,-0.7064976544548728,-0.5621212488173623
0.17638591885155408,-0.04986128421827046,0.3846871135527679,0.2661448535212967,-0.15463353904060154,0.36870766728910787,0.006913998604347758,0.06293773709256296,0.4532305548018683,0.432042993810361,-0.4454922281334938,-0.21632280235136725
0.6551298985216208,1.1243085761335874,-1.656560994791459,-1.1704447044073683,-1.6625393603924552,-0.7116833543414824,2.444213294318798,-0.6534537106649243,1.698442662966773,-0.5272165451936581,1.3992978562288092,2.362827261222318
0.1533122126370215,0.051076124829520814,0.6427226471587357,-0.395373261239959,-0.12709089375500224,-1.4235511673226542,-0.2527661634054885,0.33349358499449083,0.5258115381994947,0.6083328237739277,-1.60602829516856,-0.7927607998213351
0.42284708764627726,0.18497268785210108,-0.27613578585263593,-0.310382212213737,-0.633872695173634,-1.1053851673085617,-0.005012856435769983,-0.6423199523790017,0.6967250296523441,0.9619064384052193,-1.2680142866652,-0.4362019327677304
-0.34889981642912204,-1.2590502456683415,-0.6184808631751512,0.6755048156478612,2.542441903293789,1.096598228472429,-1.5709547102257744,6.684412687046526,-2.12227322324216,-0.8026164175478359,-1.215393429203595,-0.9341283640738731
-1.280073491043063,-0.5071695456184677,0.34704267207489353,0.9154029078956825,1.1287555281208674,2.0625410486590994,-0.6956087421028473,1.406920891069914,0.27881259773473654,0.3803700727405159,-1.07553696276482,0.11092719356547044
-1.7076729023337602,0.16437321661785798,-1.0242814776331566,0.4911842666480114,-0.6167641030600406,-0.03643896582236319,0.09775945939693288,0.6102122887286716,2.098457666270247,-0.07481472445786112,-0.5575135294725292,0.5919191402831747
-0.5767442232821849,-0.8841398692051168,-0.26774355788280024,0.37992853750631167,0.9397345919910286,-1.0893624191064122,-0.8590221455745903,2.563722956629819,0.3585449638841136,0.7803496539171237,0.4712846540161955,-1.1629146653359193
0.7591038746487336,-1.2199112503232796,0.4677513263699917,0.011916105167506264,0.8567959553667877,-0.03643896582236319,-0.8056610863366609,2.118464393021939,0.12043587484294777,-0.5499269981776507,-2.048546866587147,-0.884178071807751
1.7588341937925163,-0.12401938066154569,-0.051439091062357264,-0.29441628860561303,-1.2759562456267826,-0.9085342608250221,1.6170781525755678,-1.0712535982762132,1.0289428488764034,0.3151432525642553,1.1235821495030685,0.6785171246782575
-0.6865172471968608,0.18909258209894972,-0.07784960054428709,-0.8616907987855584,-0.7697364840669128,-0.43929663490495613,0.44108250090889356,-0.49449876655596897,1.4607468680786821,-0.8026164175478359,0.48013142668438713,0.6985538775779208
0.2309630673641176,-0.9665377541420892,0.28757241933562744,-0.39657701318600064,0.5749331960060716,0.12607748022800086,-0.9706234320214063,0.7030928055184849,-0.91366872209543,-0.8026164175478359,0.2581040942915477,-0.5910357547744215
-0.38439796466066994,-0.8614804508474493,0.7885045304535993,0.8917846475751844,0.44479166671608594,0.4076200557800396,-0.7730945763082875,0.2697376761311408,0.5591884888531993,0.9503685269850678,0.2855517414548256,-0.12627230173057646
0.5690104163314761,-1.4094263856783162,0.3945126312502303,1.0793994190765985,0.7711310149811208,1.7649757249049138,-0.8293599021955962,2.155435237591825,-0.09618045035547006,2.1097905977764655,-0.8656795204651251,-0.32732063826973806
0.6123877023182556,0.5063244391062938,-1.265052135911239,-0.8324689360744763,-1.3124166672884898,-0.5125434838290635,1.6206794432207983,-0.6970833543720204,1.242476963980092,0.2409438563070007,1.0315092426048773,1.4634332228795568
0.7248167585383457,-0.10341990942730257,1.9318932926566001,-0.4090784607916798,-0.3590907470588087,-0.19895541187272722,-0.6289267798330981,-0.9826979227859889,-0.12349176578765264,0.7456827347977337,-0.7549236787521477,-1.099375072374488
0.6809253043104804,-0.04574138997142184,0.7046775029564911,-0.06387991919054876,-0.19433496961788763,0.7212081277363771,0.008617835038650292,2.348804119950874,0.6318544023209627,-0.8026164175478359,0.18086472162884215,-0.12817227885958174
1.1814266960259716,-1.2940693467665547,1.30280097646873,1.5169689355402396,1.3392350875027803,0.8150556529203901,-1.024913856587137,0.01887721760964291,-1.2492304013969866,-0.8026164175478359,-1.4260031791835304,-0.5695728311354721
2.3911018529240944,0.7638178295343327,-0.6749871529994186,-0.015083968087002627,-0.8754544354770194,-0.5308551960600909,0.3077185763693952,-1.195908574449589,0.08668191611231063,-0.8026164175478359,0.519902940922039,-0.05999146148682258
0.6675440497739105,0.05725596619979375,0.36277874587158765,0.34304629620934,-0.4687961520815776,-0.665904073763915,0.30822198258862094,-0.6949949775704136,0.28552762403224524,-0.8026164175478359,0.9260824316443058,0.1343815283919699
-0.050353569365209384,0.23853131306113318,-1.2428682320131013,-0.7397282570799625,-0.46543867640462183,-1.0481610665866024,0.5909813835721915,-0.8484067408622755,1.0126607973703303,-0.8026164175478359,0.8212986376570076,0.18458493552628483
0.3833782332533759,-0.5566082765806512,-0.5125795824242182,-0.9700867353525466,0.17835759357581701,0.7372308759385252,-0.10817240782172344,0.892111765598603,0.8941728025897391,-0.8026164175478359,-0.6711902038531972,-0.9500872498913453
-0.16647764581921168,-0.9974369609934539,0.15967906507899787,-0.2571167619808686,0.7146309631650742,0.597604070176945,-0.8317994861810748,2.2124441589167505,-0.16876686238095467,1.7271878013094228,-2.3106265574091545,-1.404754509431328
1.5718332846768586,0.4898448621188992,-1.433376178066779,-0.13784121253329812,-1.5754876465851277,-1.8653212248961801,2.0579458299513487,-1.1337212377998847,1.391491351309807,-0.8026164175478359,0.967738560176806,0.8473703415094193
0.017195475117217352,-1.4815245349981672,-0.75991454689938,0.4406530266896234,2.024842716889944,-0.9382907932004401,-1.0951971095021167,3.095735624191265,-0.0007258014120941828,-0.8026164175478359,-2.5957812703835828,-1.2179859597455218
0.07076824575166299,0.514564227599991,-0.9796865762972737,-0.7916367630612697,-1.2107322890669139,-0.09366306654432245,1.3002032993506214,-0.6604571098675035,0.7410648965856359,0.12585195061843216,1.0289235496483993,1.9526366712449397
0.07925025346298348,0.35388835197289464,-0.8746432811901469,0.03779916062763504,-1.579978204937747,-0.8307094838431572,0.9817407803573478,-0.8924290078089984,1.403818455591608,-0.6603464290753128,0.7234877824348629,0.7846031611564482
-0.15492810136014304,-0.9335786001673002,-1.5155485215172455,-0.291833989684039,-0.851562414937235,-0.08679617445768684,-0.5741329490481415,0.4099677321842159,0.2623961452549123,0.4439816968087552,0.09531146352838257,-0.7186176284889302
-0.34286211825749624,-0.5463085409635297,0.04039971110973188,0.4178334449086108,0.476084284431009,0.6914515953609578,-0.6253254891878677,0.6475439951230234,0.00213878925995579,0.6046965925152419,-0.37881156064072874,-0.5109855488177898
2.00513862989269,1.0872295279119497,0.6651303667674942,-0.807432521285596,-1.3140439853137056,0.15125608454566267,1.9803825486352582,-1.0772705735535821,-1.0652358260962855,-0.8026164175478359,1.1729392831027685,1.9072950413031675
0.18295085612963233,-0.6802051039861099,-0.4398120135610475,-0.2366038785855776,-0.1805837350041456,-0.599524116926442,-0.4024714282921612,1.7167951053501034,-0.10429419434247791,-0.8026164175478359,0.19723479287895973,-0.3694366607542356
0.8678333614269448,0.5434034873279313,-1.2175507489829869,-0.7148341062231739,-1.4563489704745358,1.2247802140896173,2.0647611756885587,-1.195908574449589,-0.9705371166459691,-0.8026164175478359,1.4651447988909736,2.1261017475943222
-0.2869965648959833,-0.7481833590591122,0.44345959017188535,0.6315445830066617,0.11608425781714364,0.3320842428270542,-0.4733355345370166,0.9325378781007632,-0.21904972756581184,-0.8026164175478359,-0.11503717239646899,0.043716431007935826
-0.37257946068667075,-1.0942544757943966,-0.833618083429042,0.6859801322837239,0.6420763947624369,-0.052461714024511275,-0.9855320008215535,-1.195908574449589,-0.6763713085801633,-0.8026164175478359,-0.1336815731027041,-0.9695437563969054
-0.7075390101832529,-0.8244014026258117,-0.23291003656928952,0.40765231819545333,1.3924516724252685,1.1606892212810225,-0.9981558798575223,0.886161693025854,-0.8860176052361542,-0.3849179605188961,-0.400121839363415,-0.6989408287917068
0.03929886084022774,-1.176652360731369,-1.1812770131143968,1.0490623185356236,-0.020901578958824683,0.2977497823938786,-0.7159773322038275,0.9450540132119435,-0.2166711577179217,0.6981265979287776,-0.11267996075072696,-0.7016442887601599
0.47664588780823536,-0.36091329985534154,-0.9411875973834836,0.2253629651837349,-0.053776316337562205,-0.5560338003777527,-0.30496551598366617,0.1937776537936361,0.7965485719441577,0.7444399434017396,-0.20178117292467532,-0.7443354642509676
0.21543970272107424,-0.49068996863107317,-1.2216116849419711,-0.508489019676479,-0.5021760501982172,0.6548281708989041,0.1149139944059334,-1.0677591247297187,0.9336412651314219,1.8026453144980323,0.8187193185083462,0.5523498476765833
-1.5652933989565074,-0.8223414555023874,-0.005238063457976009,-0.49736116021276683,2.0895859133911587,1.1332216529344825,-0.8590995926852404,0.0702440495409188,1.2025171788462055,1.8235004891706525,1.0007072708692009,0.8676247009830546
0.7286025986398915,0.07579549031061256,-0.9496438407370044,1.1816012955575275,-0.4382244731211684,-0.5079655557713072,0.06426358404075806,-0.9482559986527477,-1.1889374043649137,-0.8026164175478359,1.1032135398046785,0.3507827678506709
-1.0068693112669775,-0.4412512376688897,-0.13171124643587082,0.102348577117299,0.1010394541597059,0.8127666888915119,-0.1989791450589835,-0.25090842994657114,1.616772191735347,0.36207629478277337,0.6159739390728999,1.1819303537079542
1.651659646963834,0.33740877498550015,-0.908019379577823,-1.498460192598245,-1.1684369440948639,-2.2658899299498936,1.177449628970189,-0.8934071881604939,1.6871247830397498,0.19279999427930394,0.731557513193568,-0.4382733668685001
1.5156636122859328,-0.22495678970933697,-1.336588309666056,-0.678773508829692,-1.1769135769153634,-1.7417171673367478,0.403714270020213,-0.627894152665142,1.0532779031138746,1.040446709792009,-0.6524980056255604,-1.20029979704423
-1.0849158148784441,0.9389133350253992,-1.7106677697380792,-0.9382005035124567,-1.2707015717823704,-0.26533536871020025,1.6367884422360222,-0.3768777105247309,2.864375847388818,-0.8026164175478359,0.8842511685962352,2.3690536067195285
-1.4562554453636192,1.4271208032769611,-1.5978626615717677,0.30973451193595586,-0.8936014960716112,0.5472468615416213,1.984874481052965,-0.7999341978540583,1.924773806354142,-0.8026164175478359,0.8646595295745403,2.796095900290915
1.3739192671486669,-0.04986128421827046,0.8692414616389508,-1.0035050668764842,-0.35320018426215294,-0.5445889802333609,0.26876267971238726,-0.4804421943738644,-0.2347678279640075,0.411490183788302,0.8657667357111175,-0.17400625614628948
0.07155315485916529,-0.27439552067152045,0.2852314056275999,-0.05448952609116318,-0.026286056388124975,-0.5629006924643883,-0.5052437441248641,0.44274529674247354,-0.20645661263622553,0.9001825713958317,0.7693455073081651,-0.5557240747323907
-0.42809916829615724,-1.0139165379808484,0.3713427667936311,1.5436006696785014,0.6355138165770043,0.5518247895993775,-0.9813111332911222,-0.7414162671504079,-0.9581925377388326,-0.35258970035737836,0.6151392464298027,0.22150558253021627
-0.5207794044507613,-0.4474310790391626,0.163254266138641,-0.06237814965090079,-0.5713967811701312,-0.7689074550634405,-0.5187969884886342,0.2757157215542702,0.16216014066719994,-0.12388879350525898,0.5565539845690555,-0.23654903892646148
-1.0191431914172246,-0.4886300215076489,-0.1646408650938353,0.5947234099721971,0.013743850114399282,0.7120522716208634,-0.6400017166560645,0.026184427925664194,0.6816579828692381,-0.3561930998099804,0.33710851218424104,-0.1351244296500498
0.646583559526956,-0.766722883169931,-0.8763129960430469,-0.13618317623804355,-0.07863727207138423,-1.1534534119150073,-0.7323186725510018,0.32819850105846454,-0.7014097789934262,-0.7423716514815744,0.3640075337099974,-0.5122316423113059
-1.1608806933840734,-0.41859181931122225,-0.17492341043717538,-0.07883588287808015,0.6408854783891577,1.2247802140896173,-0.7332093143234781,0.1543238991333553,0.9195259833180217,1.1319424516969268,0.48734942072771253,0.8438703440860057
-0.40496028775601584,-1.2590502456683415,-1.0269344520094623,1.1868450501419714,0.16456636495083304,-0.054750678053390664,-0.8468242256471972,1.7967751137924575,-1.2456614523957792,-0.8026164175478359,0.21222329037295978,-0.7644837018353794
1.4754820593224414,0.011937129484458893,0.45777808395924585,-0.024219432767190824,-1.2403046219888239,-0.9497356133448319,0.5950086333259975,-1.0332765154175196,-0.06260310973700633,0.14606700407932505,0.36065286870493457,0.13657931739947363
0.5987857509496206,0.20351221196291988,-0.34268638957890324,-0.24203246669625605,-1.010289803152471,-0.4782090233958879,0.47453965270974335,-0.4478693485501638,0.4560018417532678,-0.47160410638155625,1.0262202810132088,0.40834403204984826
0.23872401997416878,0.2694305199124979,0.48389106894040546,-0.8634881146228204,-0.08144807828416249,-0.29280293705674015,0.4754690180375447,0.7767224118155284,0.43552810703205724,-0.8026164175478359,-0.2695326514729044,-0.7921763394457635
-0.6031955274326068,1.7340529246671836,-0.8122370331150652,-0.22780566832356788,-1.3603477216404725,0.8745687176712275,3.0541092906884555,-1.195908574449589,0.6548817892409536,-0.7182679613526697,1.0503448587087305,2.777120420460988
-0.800531001761195,-0.13843901052551585,0.36640745996450585,-0.5987765220424619,0.5512634425002114,-0.15317613129515983,-0.31383321015310434,-0.8307707113815379,0.6582270384740603,2.137393180067151,1.2500228013800874,1.3373863514380024
-0.7605139854062211,0.3786077174539864,-0.7873030279033738,-0.6324788118184886,0.014245087038612174,0.07343130756379909,-0.05283644726221612,0.790084711429542,0.41115546346950216,0.5752527905841439,0.3289016469295212,-0.676179877850561
-0.2613514191101467,0.5207440689702639,0.10627224474784891,-0.9337034013518593,-0.4568842330308851,-0.46447523922261796,0.2593528557683983,-0.2000508243436838,0.5295124858988245,-0.8026164175478359,-0.3590111916750807,-0.6965477047062554
0.1388728746939418,-0.7708427774167795,0.14281858898898556,-0.42472621571472435,0.1074352177114691,-0.7483067788035361,-0.1587066475209236,1.3890613940740169,-0.7120377009271849,-0.8026164175478359,-0.31274807515851893,-0.65294874367217
0.24108103944543932,0.6937796273379061,0.4416924242777856,-0.19791497975472602,0.036462841167824674,-0.2630464046813221,0.3939172105229734,0.0020128760023800474,0.42735656887385093,-0.2523538022147965,0.03256457948290975,-0.4435266460853892
1.0652794802116756,0.7802974065217272,-0.4785652774544394,-1.2163059426808653,-0.49486907235539107,-1.501375944304519,0.6495701227790037,-0.9140246433799886,0.14401189330088401,-0.8026164175478359,0.357012214500343,-0.8165959676968997
0.9727686822434046,-0.5710279064446213,-0.5615138925254894,-0.8495967004257357,0.5644801548690618,-0.7277061025436306,0.025152793162449887,0.23978705525384403,-0.0339139883891926,-0.8026164175478359,-1.4506673055440822,-0.9758509393404465
-1.34010264302196,1.5280582123247524,-1.7061833634916603,-0.2869972666217117,-1.4122835552553985,0.034518919072866035,2.566463558480005,-0.6177302139431396,1.8387429268257285,-0.8026164175478359,1.232851841400132,2.7364773046106112
-0.000635280682368111,0.9100740752974589,-0.5925503808720206,-0.9165734959406433,-0.6617978177432285,-0.2355788363347809,0.8342814816795284,-1.195908574449589,1.7424044454919239,-0.8026164175478359,-6.17168186226351e-05,0.3657360526057605
-1.1913040675883642,0.7267387813126951,-1.1287078491188,-0.1767607752804735,-0.7233170347735391,0.989016919115146,1.4103330906950853,-0.9967274342020492,1.9702917835289664,0.09115739946022472,1.2253350530851863,2.4170062890757373
0.39558897382248004,0.5207440689702639,-0.11585985585852221,-0.9449270029028318,-0.6871947246294458,-0.14402027517964608,0.8240197395183881,-1.195908574449589,-0.4184865585278339,-0.8026164175478359,0.5568221595160264,1.109334955514086
0.30558067021627966,-0.6451860028878965,-0.4642198006422181,-0.5032185297489735,-0.21158364247325048,-0.47134213130925356,-0.14488233826987804,-0.06587503351302125,-0.28129731570162697,1.024554274121693,0.8990405059213817,-0.051387923719140284
0.44387264891447026,-0.16727827025345623,0.35294535562445845,-0.46860788789355146,-0.1742370919503943,-0.5537448363488746,-0.31712471235573425,-0.82801734493435,-1.1881038277873615,-0.8026164175478359,0.8745961874089017,-0.6908877470604942
-0.1170513835152229,0.14171379826019054,0.16155252310099277,-0.6699064192365266,-0.047374944925211375,-0.44616352699159173,0.1550315977226931,-0.8846890870730174,-0.014526621993045942,0.8819564505220089,0.36019454852875205,0.040698598722269094
-0.3027406990588578,0.23235147169086026,-0.8747576174043492,-0.5509937515177977,-0.6719037203366106,-0.7666184910345624,0.02337150961749724,-1.0919780803576662,-0.33980418987132716,-0.03870132383075175,0.5750556186727641,-0.1829262739016514
-0.4915490510004734,-1.1395733125097314,-0.9397042560085009,-0.7498541575609854,0.7283673609437155,-0.7093943903126031,-0.7180684041913806,-0.6576386934380671,-1.2777506279766797,-0.8026164175478359,-1.0728435496687276,-1.2275858002488353
0.5475209521622347,-1.3208486593710709,-0.7012620757973875,-0.11914277591335941,-0.3987985502388236,-0.3019587931722539,-0.6391110748835882,-0.22276506901199256,0.587515967009645,0.11524970204171998,-0.2613625023204532,-0.6382511289364061
1.0618712675440878,-1.362047601839557,-0.9664906768060674,-0.9115265852716454,-1.077224788687986,-0.6590371816772794,-0.5991096422328037,-1.195908574449589,0.27584596803063616,-0.8026164175478359,0.6060539789015826,-0.7142755100223454
0.1690505689084152,-0.8058618785149929,-0.7858930958814484,-1.1186426542032082,-0.5262340808373538,-1.2038106205503307,-0.20769194500712146,-1.1000327649288018,0.8502735021359822,1.2404539440336588,0.5575327707759181,-0.3419979439764863
-1.0260930348128605,-0.35061356423822,-0.4012339677702232,-0.4348595671562648,0.11720842533755861,-0.027283109706849454,-0.11889883264676439,-0.929397092843022,1.2478842528128453,-0.3488946928023648,1.3502651976686013,1.8386177020774213
-1.0650315188141317,-1.1807722549782176,0.022146389895474915,0.43755974839785444,1.122464020541828,0.12149955217024462,-0.9887073323582082,1.3582775415232187,-0.15020321077917106,0.7349908688804773,-0.5184579909459313,-0.41545280895352205
0.11800852649416484,-1.3579277075927085,-0.3285212307143439,-0.7482780066093767,0.3452412161880799,-1.2839243615610738,-0.8369497190393075,-0.071050685837887,-0.8231698148563903,-0.6042482619232769,0.6428254359165331,-0.8786425904603827
0.3885019930533883,-0.9047393404393599,0.5459520633100527,-0.14121078650304578,1.14905958256716,-1.3777718867450868,-1.040364555161835,0.651792569805504,-0.19455654458891772,-0.8026164175478359,0.3547622977533316,-1.1959866366046863
0.2633561008900219,-0.8697202393411465,-0.6459006917073535,-1.1349448223743586,-0.722450939298002,-1.0367162464422106,0.1989441094613084,-1.1107559030051266,1.006979193975333,-0.8026164175478359,1.1307119410196445,0.40378696802001535
0.5313642776533929,-0.9809573840060594,-0.9167673869504583,-1.1831357077531315,-0.83938159699606,-1.2793464335033176,-0.09725236522005719,-0.6942085771054296,0.033554428005744895,-0.8026164175478359,1.2867919039050155,-0.11467975336657153
1.27008875012865,-1.897633853929878,-1.7025744329557395,1.82827308657372,2.6313186242701905,1.275137422724941,-1.8958066158476825,0.38315634706050583,-3.2575955879586944,0.21653881922536292,0.014524054132954047,-0.10116963144293722
0.28818929958503325,-2.0850890421614907,-2.394943958571712,4.810963299936689,2.789201262192735,0.6273606025523643,-2.08245415251446,0.4425791218469331,-3.7118049019596895,-0.8026164175478359,0.12521482094117128,-0.28200952564450427
0.7589815780112015,-2.0377102583227313,-2.1766799247938686,3.0469794743404988,1.8348396937889093,0.8814356097578631,-1.7565567108987754,0.16095925913594508,-2.4060360311019795,-0.8026164175478359,0.42808405838179253,0.13127110384557092
1.9973657339422013,-1.2302109859404011,-0.6814336815659959,1.409381065515445,1.1267654719661864,2.4264863292507606,-0.9364692562247056,-0.00621110780215485,-1.8490039370143265,-0.8026164175478359,0.15498815624868373,1.3804368689965847
0.821776285732463,-2.3879012693048645,-2.3409411024517124,2.4928482809274466,4.721006507868725,1.7649757249049138,-2.333615132352784,1.3174917213534503,-4.437600926069071,0.46674554265470547,-0.35282768452070684,-0.6281602982992015
-0.1269281093625834,-2.1901463454561303,-1.3508679274015134,4.254778843199733,3.190985083563338,3.035350760932408,-1.9957521121416562,0.43756420446564637,-2.6900572628431854,0.5953212023922908,-0.12968234358948894,0.36641914028088435
